
/*!40101 SET @OLD_CHARACTER_SET_CLIENT=@@CHARACTER_SET_CLIENT */;
/*!40101 SET @OLD_CHARACTER_SET_RESULTS=@@CHARACTER_SET_RESULTS */;
/*!40101 SET @OLD_COLLATION_CONNECTION=@@COLLATION_CONNECTION */;
/*!40101 SET NAMES utf8mb4 */;
/*!40103 SET @OLD_TIME_ZONE=@@TIME_ZONE */;
/*!40103 SET TIME_ZONE='+00:00' */;
/*!40014 SET @OLD_UNIQUE_CHECKS=@@UNIQUE_CHECKS, UNIQUE_CHECKS=0 */;
/*!40014 SET @OLD_FOREIGN_KEY_CHECKS=@@FOREIGN_KEY_CHECKS, FOREIGN_KEY_CHECKS=0 */;
/*!40101 SET @OLD_SQL_MODE=@@SQL_MODE, SQL_MODE='NO_AUTO_VALUE_ON_ZERO' */;
/*!40111 SET @OLD_SQL_NOTES=@@SQL_NOTES, SQL_NOTES=0 */;
DROP TABLE IF EXISTS `activity_log`;
/*!40101 SET @saved_cs_client     = @@character_set_client */;
/*!40101 SET character_set_client = utf8 */;
CREATE TABLE `activity_log` (
  `id` int(10) unsigned NOT NULL AUTO_INCREMENT,
  `log_name` varchar(255) COLLATE utf8mb4_unicode_ci DEFAULT NULL,
  `description` varchar(255) COLLATE utf8mb4_unicode_ci NOT NULL,
  `subject_id` int(11) DEFAULT NULL,
  `subject_type` varchar(255) COLLATE utf8mb4_unicode_ci DEFAULT NULL,
  `causer_id` int(11) DEFAULT NULL,
  `causer_type` varchar(255) COLLATE utf8mb4_unicode_ci DEFAULT NULL,
  `properties` text COLLATE utf8mb4_unicode_ci,
  `created_at` timestamp NULL DEFAULT NULL,
  `updated_at` timestamp NULL DEFAULT NULL,
  PRIMARY KEY (`id`),
  KEY `activity_log_log_name_index` (`log_name`)
) ENGINE=InnoDB AUTO_INCREMENT=527 DEFAULT CHARSET=utf8mb4 COLLATE=utf8mb4_unicode_ci;
/*!40101 SET character_set_client = @saved_cs_client */;

LOCK TABLES `activity_log` WRITE;
/*!40000 ALTER TABLE `activity_log` DISABLE KEYS */;
INSERT INTO `activity_log` VALUES (173,'informes','created',67,'App\\Models\\Informe',35,'App\\Models\\User','{\"ip\":\"10.123.130.35\",\"user\":{\"id\":35,\"name\":\"Jose\",\"lastname\":\"Rojas Muriel\",\"email\":\"jose777@gmail.com\",\"cellphone\":\"65457899\",\"rol\":\"Cotizador\",\"unidaddegasto\":\"Carrea civil\",\"facultad\":null,\"unidad_id\":24,\"created_at\":\"2021-06-08 09:52:05\",\"updated_at\":\"2021-06-08 09:52:05\"}}','2021-06-25 15:02:22','2021-06-25 15:02:22'),(174,'informes','created',68,'App\\Models\\Informe',35,'App\\Models\\User','{\"ip\":\"10.30.201.120\",\"user\":{\"id\":35,\"name\":\"Jose\",\"lastname\":\"Rojas Muriel\",\"email\":\"jose777@gmail.com\",\"cellphone\":\"65457899\",\"rol\":\"Cotizador\",\"unidaddegasto\":\"Carrea civil\",\"facultad\":null,\"unidad_id\":24,\"created_at\":\"2021-06-08 09:52:05\",\"updated_at\":\"2021-06-08 09:52:05\"}}','2021-06-25 15:03:47','2021-06-25 15:03:47'),(175,'informes','created',69,'App\\Models\\Informe',35,'App\\Models\\User','{\"ip\":\"10.97.186.122\",\"user\":{\"id\":35,\"name\":\"Jose\",\"lastname\":\"Rojas Muriel\",\"email\":\"jose777@gmail.com\",\"cellphone\":\"65457899\",\"rol\":\"Cotizador\",\"unidaddegasto\":\"Carrea civil\",\"facultad\":null,\"unidad_id\":24,\"created_at\":\"2021-06-08 09:52:05\",\"updated_at\":\"2021-06-08 09:52:05\"}}','2021-06-25 15:17:26','2021-06-25 15:17:26'),(176,'informes','created',70,'App\\Models\\Informe',35,'App\\Models\\User','{\"ip\":\"10.81.216.163\",\"user\":{\"id\":35,\"name\":\"Jose\",\"lastname\":\"Rojas Muriel\",\"email\":\"jose777@gmail.com\",\"cellphone\":\"65457899\",\"rol\":\"Cotizador\",\"unidaddegasto\":\"Carrea civil\",\"facultad\":null,\"unidad_id\":24,\"created_at\":\"2021-06-08 09:52:05\",\"updated_at\":\"2021-06-08 09:52:05\"}}','2021-06-25 15:18:00','2021-06-25 15:18:00'),(177,'informes','created',71,'App\\Models\\Informe',35,'App\\Models\\User','{\"ip\":\"10.138.230.115\",\"user\":{\"id\":35,\"name\":\"Jose\",\"lastname\":\"Rojas Muriel\",\"email\":\"jose777@gmail.com\",\"cellphone\":\"65457899\",\"rol\":\"Cotizador\",\"unidaddegasto\":\"Carrea civil\",\"facultad\":null,\"unidad_id\":24,\"created_at\":\"2021-06-08 09:52:05\",\"updated_at\":\"2021-06-08 09:52:05\"}}','2021-06-25 15:18:35','2021-06-25 15:18:35'),(178,'informes','created',72,'App\\Models\\Informe',35,'App\\Models\\User','{\"ip\":\"10.13.235.87\",\"user\":{\"id\":35,\"name\":\"Jose\",\"lastname\":\"Rojas Muriel\",\"email\":\"jose777@gmail.com\",\"cellphone\":\"65457899\",\"rol\":\"Cotizador\",\"unidaddegasto\":\"Carrea civil\",\"facultad\":null,\"unidad_id\":24,\"created_at\":\"2021-06-08 09:52:05\",\"updated_at\":\"2021-06-08 09:52:05\"}}','2021-06-25 15:19:33','2021-06-25 15:19:33'),(179,'informes','created',73,'App\\Models\\Informe',35,'App\\Models\\User','{\"ip\":\"10.51.165.5\",\"user\":{\"id\":35,\"name\":\"Jose\",\"lastname\":\"Rojas Muriel\",\"email\":\"jose777@gmail.com\",\"cellphone\":\"65457899\",\"rol\":\"Cotizador\",\"unidaddegasto\":\"Carrea civil\",\"facultad\":null,\"unidad_id\":24,\"created_at\":\"2021-06-08 09:52:05\",\"updated_at\":\"2021-06-08 09:52:05\"}}','2021-06-25 15:20:08','2021-06-25 15:20:08'),(180,'informes','created',74,'App\\Models\\Informe',35,'App\\Models\\User','{\"ip\":\"10.79.218.111\",\"user\":{\"id\":35,\"name\":\"Jose\",\"lastname\":\"Rojas Muriel\",\"email\":\"jose777@gmail.com\",\"cellphone\":\"65457899\",\"rol\":\"Cotizador\",\"unidaddegasto\":\"Carrea civil\",\"facultad\":null,\"unidad_id\":24,\"created_at\":\"2021-06-08 09:52:05\",\"updated_at\":\"2021-06-08 09:52:05\"}}','2021-06-25 15:21:57','2021-06-25 15:21:57'),(181,'informes','created',75,'App\\Models\\Informe',35,'App\\Models\\User','{\"ip\":\"10.91.248.175\",\"user\":{\"id\":35,\"name\":\"Jose\",\"lastname\":\"Rojas Muriel\",\"email\":\"jose777@gmail.com\",\"cellphone\":\"65457899\",\"rol\":\"Cotizador\",\"unidaddegasto\":\"Carrea civil\",\"facultad\":null,\"unidad_id\":24,\"created_at\":\"2021-06-08 09:52:05\",\"updated_at\":\"2021-06-08 09:52:05\"}}','2021-06-25 15:22:19','2021-06-25 15:22:19'),(182,'informes','created',76,'App\\Models\\Informe',35,'App\\Models\\User','{\"ip\":\"10.30.89.33\",\"user\":{\"id\":35,\"name\":\"Jose\",\"lastname\":\"Rojas Muriel\",\"email\":\"jose777@gmail.com\",\"cellphone\":\"65457899\",\"rol\":\"Cotizador\",\"unidaddegasto\":\"Carrea civil\",\"facultad\":null,\"unidad_id\":24,\"created_at\":\"2021-06-08 09:52:05\",\"updated_at\":\"2021-06-08 09:52:05\"}}','2021-06-25 15:22:39','2021-06-25 15:22:39'),(183,'informes','created',77,'App\\Models\\Informe',35,'App\\Models\\User','{\"ip\":\"10.51.200.88\",\"user\":{\"id\":35,\"name\":\"Jose\",\"lastname\":\"Rojas Muriel\",\"email\":\"jose777@gmail.com\",\"cellphone\":\"65457899\",\"rol\":\"Cotizador\",\"unidaddegasto\":\"Carrea civil\",\"facultad\":null,\"unidad_id\":24,\"created_at\":\"2021-06-08 09:52:05\",\"updated_at\":\"2021-06-08 09:52:05\"}}','2021-06-25 15:22:59','2021-06-25 15:22:59'),(184,'solicitudes','created',56,'App\\Models\\Unidad',4,'App\\Models\\User','{\"ip\":\"10.31.89.92\",\"user\":{\"id\":4,\"name\":\"Enrrique\",\"lastname\":\"Vallejos\",\"email\":\"enrrique777@gmail.com\",\"cellphone\":\"76997476\",\"rol\":\"Administrador del Sistema\",\"unidaddegasto\":\"Departamento de Informatica - Sistemas\",\"facultad\":\"Fac. Ciencias y Tecnolog\\u00eda\",\"unidad_id\":null,\"created_at\":\"2021-05-11 23:27:42\",\"updated_at\":\"2021-05-11 23:27:42\"}}','2021-06-25 15:33:16','2021-06-25 15:33:16'),(185,'unidad','deleted',56,'App\\Models\\Unidad',4,'App\\Models\\User','{\"ip\":\"10.31.89.92\",\"user\":{\"id\":4,\"name\":\"Enrrique\",\"lastname\":\"Vallejos\",\"email\":\"enrrique777@gmail.com\",\"cellphone\":\"76997476\",\"rol\":\"Administrador del Sistema\",\"unidaddegasto\":\"Departamento de Informatica - Sistemas\",\"facultad\":\"Fac. Ciencias y Tecnolog\\u00eda\",\"unidad_id\":null,\"created_at\":\"2021-05-11 23:27:42\",\"updated_at\":\"2021-05-11 23:27:42\"}}','2021-06-25 15:33:36','2021-06-25 15:33:36'),(186,'unidad','deleted',54,'App\\Models\\Unidad',4,'App\\Models\\User','{\"ip\":\"10.31.89.92\",\"user\":{\"id\":4,\"name\":\"Enrrique\",\"lastname\":\"Vallejos\",\"email\":\"enrrique777@gmail.com\",\"cellphone\":\"76997476\",\"rol\":\"Administrador del Sistema\",\"unidaddegasto\":\"Departamento de Informatica - Sistemas\",\"facultad\":\"Fac. Ciencias y Tecnolog\\u00eda\",\"unidad_id\":null,\"created_at\":\"2021-05-11 23:27:42\",\"updated_at\":\"2021-05-11 23:27:42\"}}','2021-06-25 15:33:49','2021-06-25 15:33:49'),(187,'unidad','deleted',53,'App\\Models\\Unidad',4,'App\\Models\\User','{\"ip\":\"10.31.89.92\",\"user\":{\"id\":4,\"name\":\"Enrrique\",\"lastname\":\"Vallejos\",\"email\":\"enrrique777@gmail.com\",\"cellphone\":\"76997476\",\"rol\":\"Administrador del Sistema\",\"unidaddegasto\":\"Departamento de Informatica - Sistemas\",\"facultad\":\"Fac. Ciencias y Tecnolog\\u00eda\",\"unidad_id\":null,\"created_at\":\"2021-05-11 23:27:42\",\"updated_at\":\"2021-05-11 23:27:42\"}}','2021-06-25 15:33:53','2021-06-25 15:33:53'),(188,'unidad','deleted',55,'App\\Models\\Unidad',4,'App\\Models\\User','{\"ip\":\"10.31.89.92\",\"user\":{\"id\":4,\"name\":\"Enrrique\",\"lastname\":\"Vallejos\",\"email\":\"enrrique777@gmail.com\",\"cellphone\":\"76997476\",\"rol\":\"Administrador del Sistema\",\"unidaddegasto\":\"Departamento de Informatica - Sistemas\",\"facultad\":\"Fac. Ciencias y Tecnolog\\u00eda\",\"unidad_id\":null,\"created_at\":\"2021-05-11 23:27:42\",\"updated_at\":\"2021-05-11 23:27:42\"}}','2021-06-25 15:33:59','2021-06-25 15:33:59'),(189,'solicitudes','created',57,'App\\Models\\Unidad',4,'App\\Models\\User','{\"ip\":\"10.43.193.55\",\"user\":{\"id\":4,\"name\":\"Enrrique\",\"lastname\":\"Vallejos\",\"email\":\"enrrique777@gmail.com\",\"cellphone\":\"76997476\",\"rol\":\"Administrador del Sistema\",\"unidaddegasto\":\"Departamento de Informatica - Sistemas\",\"facultad\":\"Fac. Ciencias y Tecnolog\\u00eda\",\"unidad_id\":null,\"created_at\":\"2021-05-11 23:27:42\",\"updated_at\":\"2021-05-11 23:27:42\"}}','2021-06-25 18:46:43','2021-06-25 18:46:43'),(190,'usuario','created',45,'App\\Models\\User',4,'App\\Models\\User','{\"ip\":\"10.79.199.219\",\"user\":{\"id\":4,\"name\":\"Enrrique\",\"lastname\":\"Vallejos\",\"email\":\"enrrique777@gmail.com\",\"cellphone\":\"76997476\",\"rol\":\"Administrador del Sistema\",\"unidaddegasto\":\"Departamento de Informatica - Sistemas\",\"facultad\":\"Fac. Ciencias y Tecnolog\\u00eda\",\"unidad_id\":null,\"created_at\":\"2021-05-11 23:27:42\",\"updated_at\":\"2021-05-11 23:27:42\"}}','2021-06-25 18:48:07','2021-06-25 18:48:07'),(191,'presupuesto','created',43,'App\\Models\\PresupuestoUnidad',4,'App\\Models\\User','{\"ip\":\"10.30.9.123\",\"user\":{\"id\":4,\"name\":\"Enrrique\",\"lastname\":\"Vallejos\",\"email\":\"enrrique777@gmail.com\",\"cellphone\":\"76997476\",\"rol\":\"Administrador del Sistema\",\"unidaddegasto\":\"Departamento de Informatica - Sistemas\",\"facultad\":\"Fac. Ciencias y Tecnolog\\u00eda\",\"unidad_id\":null,\"created_at\":\"2021-05-11 23:27:42\",\"updated_at\":\"2021-05-11 23:27:42\"}}','2021-06-25 18:49:51','2021-06-25 18:49:51'),(192,'presupuesto-asignacion','created',59,'App\\Models\\ItemPres',45,'App\\Models\\User','{\"ip\":\"10.71.221.241\",\"user\":{\"id\":45,\"name\":\"Hugo\",\"lastname\":\"Hierro Alcacer\",\"email\":\"hugohierro@gmail.com\",\"cellphone\":\"71848881\",\"rol\":\"Jefe\",\"unidaddegasto\":\"Unidad Presentaci\\u00f3n Final\",\"facultad\":null,\"unidad_id\":57,\"created_at\":\"2021-06-25 18:48:07\",\"updated_at\":\"2021-06-25 18:48:07\"}}','2021-06-25 18:52:49','2021-06-25 18:52:49'),(193,'presupuesto-asignacion','created',60,'App\\Models\\ItemPres',45,'App\\Models\\User','{\"ip\":\"10.63.41.14\",\"user\":{\"id\":45,\"name\":\"Hugo\",\"lastname\":\"Hierro Alcacer\",\"email\":\"hugohierro@gmail.com\",\"cellphone\":\"71848881\",\"rol\":\"Jefe\",\"unidaddegasto\":\"Unidad Presentaci\\u00f3n Final\",\"facultad\":null,\"unidad_id\":57,\"created_at\":\"2021-06-25 18:48:07\",\"updated_at\":\"2021-06-25 18:48:07\"}}','2021-06-25 18:53:36','2021-06-25 18:53:36'),(194,'solicitudes','created',32,'App\\Models\\Solicitud',45,'App\\Models\\User','{\"ip\":\"10.41.166.250\",\"user\":{\"id\":45,\"name\":\"Hugo\",\"lastname\":\"Hierro Alcacer\",\"email\":\"hugohierro@gmail.com\",\"cellphone\":\"71848881\",\"rol\":\"Jefe\",\"unidaddegasto\":\"Unidad Presentaci\\u00f3n Final\",\"facultad\":null,\"unidad_id\":57,\"created_at\":\"2021-06-25 18:48:07\",\"updated_at\":\"2021-06-25 18:48:07\"}}','2021-06-25 18:56:28','2021-06-25 18:56:28'),(195,'solicitudes','created',33,'App\\Models\\Solicitud',45,'App\\Models\\User','{\"ip\":\"10.41.200.163\",\"user\":{\"id\":45,\"name\":\"Hugo\",\"lastname\":\"Hierro Alcacer\",\"email\":\"hugohierro@gmail.com\",\"cellphone\":\"71848881\",\"rol\":\"Jefe\",\"unidaddegasto\":\"Unidad Presentaci\\u00f3n Final\",\"facultad\":null,\"unidad_id\":57,\"created_at\":\"2021-06-25 18:48:07\",\"updated_at\":\"2021-06-25 18:48:07\"}}','2021-06-25 18:57:17','2021-06-25 18:57:17'),(196,'informes','created',78,'App\\Models\\Informe',35,'App\\Models\\User','{\"ip\":\"10.43.246.81\",\"user\":{\"id\":35,\"name\":\"Jose\",\"lastname\":\"Rojas Muriel\",\"email\":\"jose777@gmail.com\",\"cellphone\":\"65457899\",\"rol\":\"Cotizador\",\"unidaddegasto\":\"Carrea civil\",\"facultad\":null,\"unidad_id\":24,\"created_at\":\"2021-06-08 09:52:05\",\"updated_at\":\"2021-06-08 09:52:05\"}}','2021-06-25 19:00:47','2021-06-25 19:00:47'),(197,'cotizacion','created',138,'App\\Models\\EmpresaCotizacion',35,'App\\Models\\User','{\"ip\":\"10.81.216.163\",\"user\":{\"id\":35,\"name\":\"Jose\",\"lastname\":\"Rojas Muriel\",\"email\":\"jose777@gmail.com\",\"cellphone\":\"65457899\",\"rol\":\"Cotizador\",\"unidaddegasto\":\"Carrea civil\",\"facultad\":null,\"unidad_id\":24,\"created_at\":\"2021-06-08 09:52:05\",\"updated_at\":\"2021-06-08 09:52:05\"}}','2021-06-25 19:02:06','2021-06-25 19:02:06'),(198,'oferta-empresa','updated',138,'App\\Models\\EmpresaCotizacion',35,'App\\Models\\User','{\"ip\":\"10.30.121.144\",\"user\":{\"id\":35,\"name\":\"Jose\",\"lastname\":\"Rojas Muriel\",\"email\":\"jose777@gmail.com\",\"cellphone\":\"65457899\",\"rol\":\"Cotizador\",\"unidaddegasto\":\"Carrea civil\",\"facultad\":null,\"unidad_id\":24,\"created_at\":\"2021-06-08 09:52:05\",\"updated_at\":\"2021-06-08 09:52:05\"}}','2021-06-25 19:05:22','2021-06-25 19:05:22'),(199,'informes','created',79,'App\\Models\\Informe',35,'App\\Models\\User','{\"ip\":\"10.35.203.80\",\"user\":{\"id\":35,\"name\":\"Jose\",\"lastname\":\"Rojas Muriel\",\"email\":\"jose777@gmail.com\",\"cellphone\":\"65457899\",\"rol\":\"Cotizador\",\"unidaddegasto\":\"Carrea civil\",\"facultad\":null,\"unidad_id\":24,\"created_at\":\"2021-06-08 09:52:05\",\"updated_at\":\"2021-06-08 09:52:05\"}}','2021-06-25 19:07:04','2021-06-25 19:07:04'),(200,'informes','created',80,'App\\Models\\Informe',35,'App\\Models\\User','{\"ip\":\"10.97.137.170\",\"user\":{\"id\":35,\"name\":\"Jose\",\"lastname\":\"Rojas Muriel\",\"email\":\"jose777@gmail.com\",\"cellphone\":\"65457899\",\"rol\":\"Cotizador\",\"unidaddegasto\":\"Carrea civil\",\"facultad\":null,\"unidad_id\":24,\"created_at\":\"2021-06-08 09:52:05\",\"updated_at\":\"2021-06-08 09:52:05\"}}','2021-06-25 19:08:16','2021-06-25 19:08:16'),(201,'items','updated',8,'App\\Models\\Item',4,'App\\Models\\User','{\"ip\":\"10.152.112.97\",\"user\":{\"id\":4,\"name\":\"Enrrique\",\"lastname\":\"Vallejos\",\"email\":\"enrrique777@gmail.com\",\"cellphone\":\"76997476\",\"rol\":\"Administrador del Sistema\",\"unidaddegasto\":\"Departamento de Informatica - Sistemas\",\"facultad\":\"Fac. Ciencias y Tecnolog\\u00eda\",\"unidad_id\":null,\"created_at\":\"2021-05-11 23:27:42\",\"updated_at\":\"2021-05-11 23:27:42\"}}','2021-06-25 19:13:47','2021-06-25 19:13:47'),(202,'usuario','updated',2,'App\\Models\\User',4,'App\\Models\\User','{\"ip\":\"10.61.241.35\",\"user\":{\"id\":4,\"name\":\"Enrrique\",\"lastname\":\"Vallejos\",\"email\":\"enrrique777@gmail.com\",\"cellphone\":\"76997476\",\"rol\":\"Administrador del Sistema\",\"unidaddegasto\":\"Departamento de Informatica - Sistemas\",\"facultad\":\"Fac. Ciencias y Tecnolog\\u00eda\",\"unidad_id\":null,\"created_at\":\"2021-05-11 23:27:42\",\"updated_at\":\"2021-05-11 23:27:42\"}}','2021-06-25 19:14:47','2021-06-25 19:14:47'),(203,'usuario','deleted',45,'App\\Models\\User',4,'App\\Models\\User','{\"ip\":\"10.69.232.207\",\"user\":{\"id\":4,\"name\":\"Enrrique\",\"lastname\":\"Vallejos\",\"email\":\"enrrique777@gmail.com\",\"cellphone\":\"76997476\",\"rol\":\"Administrador del Sistema\",\"unidaddegasto\":\"Departamento de Informatica - Sistemas\",\"facultad\":\"Fac. Ciencias y Tecnolog\\u00eda\",\"unidad_id\":null,\"created_at\":\"2021-05-11 23:27:42\",\"updated_at\":\"2021-05-11 23:27:42\"}}','2021-06-29 20:45:56','2021-06-29 20:45:56'),(204,'usuario','created',46,'App\\Models\\User',24,'App\\Models\\User','{\"ip\":\"10.30.62.90\",\"user\":{\"id\":24,\"name\":\"Nelzon\",\"lastname\":\"Zuna Huanca\",\"email\":\"nelzon777@gmail.com\",\"cellphone\":\"65412333\",\"rol\":\"Administrador del Sistema\",\"unidaddegasto\":\"Dpto de sistemas\",\"facultad\":null,\"unidad_id\":25,\"created_at\":\"2021-05-24 11:15:13\",\"updated_at\":\"2021-05-24 11:15:13\"}}','2021-06-30 21:23:44','2021-06-30 21:23:44'),(205,'usuario','deleted',46,'App\\Models\\User',24,'App\\Models\\User','{\"ip\":\"10.35.217.112\",\"user\":{\"id\":24,\"name\":\"Nelzon\",\"lastname\":\"Zuna Huanca\",\"email\":\"nelzon777@gmail.com\",\"cellphone\":\"65412333\",\"rol\":\"Administrador del Sistema\",\"unidaddegasto\":\"Dpto de sistemas\",\"facultad\":null,\"unidad_id\":25,\"created_at\":\"2021-05-24 11:15:13\",\"updated_at\":\"2021-05-24 11:15:13\"}}','2021-06-30 21:27:11','2021-06-30 21:27:11'),(206,'solicitudes','created',58,'App\\Models\\Unidad',24,'App\\Models\\User','{\"ip\":\"10.71.221.238\",\"user\":{\"id\":24,\"name\":\"Nelzon\",\"lastname\":\"Zuna Huanca\",\"email\":\"nelzon777@gmail.com\",\"cellphone\":\"65412333\",\"rol\":\"Administrador del Sistema\",\"unidaddegasto\":\"Dpto de sistemas\",\"facultad\":null,\"unidad_id\":25,\"created_at\":\"2021-05-24 11:15:13\",\"updated_at\":\"2021-05-24 11:15:13\"}}','2021-07-01 16:21:23','2021-07-01 16:21:23'),(207,'unidad','deleted',58,'App\\Models\\Unidad',24,'App\\Models\\User','{\"ip\":\"10.113.128.161\",\"user\":{\"id\":24,\"name\":\"Nelzon\",\"lastname\":\"Zuna Huanca\",\"email\":\"nelzon777@gmail.com\",\"cellphone\":\"65412333\",\"rol\":\"Administrador del Sistema\",\"unidaddegasto\":\"Dpto de sistemas\",\"facultad\":null,\"unidad_id\":25,\"created_at\":\"2021-05-24 11:15:13\",\"updated_at\":\"2021-05-24 11:15:13\"}}','2021-07-01 16:39:31','2021-07-01 16:39:31'),(208,'unidad','updated',42,'App\\Models\\Unidad',24,'App\\Models\\User','{\"ip\":\"10.43.213.231\",\"user\":{\"id\":24,\"name\":\"Nelzon\",\"lastname\":\"Zuna Huanca\",\"email\":\"nelzon777@gmail.com\",\"cellphone\":\"65412333\",\"rol\":\"Administrador del Sistema\",\"unidaddegasto\":\"Dpto de sistemas\",\"facultad\":null,\"unidad_id\":25,\"created_at\":\"2021-05-24 11:15:13\",\"updated_at\":\"2021-05-24 11:15:13\"}}','2021-07-01 16:50:03','2021-07-01 16:50:03'),(209,'unidad','updated',42,'App\\Models\\Unidad',24,'App\\Models\\User','{\"ip\":\"10.63.122.84\",\"user\":{\"id\":24,\"name\":\"Nelzon\",\"lastname\":\"Zuna Huanca\",\"email\":\"nelzon777@gmail.com\",\"cellphone\":\"65412333\",\"rol\":\"Administrador del Sistema\",\"unidaddegasto\":\"Dpto de sistemas\",\"facultad\":null,\"unidad_id\":25,\"created_at\":\"2021-05-24 11:15:13\",\"updated_at\":\"2021-05-24 11:15:13\"}}','2021-07-01 16:50:03','2021-07-01 16:50:03'),(210,'itemscotizados','created',64,'App\\Models\\ItemSuperior',24,'App\\Models\\User','{\"ip\":\"10.63.169.135\",\"user\":{\"id\":24,\"name\":\"Nelzon\",\"lastname\":\"Zuna Huanca\",\"email\":\"nelzon777@gmail.com\",\"cellphone\":\"65412333\",\"rol\":\"Administrador del Sistema\",\"unidaddegasto\":\"Dpto de sistemas\",\"facultad\":null,\"unidad_id\":25,\"created_at\":\"2021-05-24 11:15:13\",\"updated_at\":\"2021-05-24 11:15:13\"}}','2021-07-01 16:59:30','2021-07-01 16:59:30'),(211,'itemsuperior','updated',60,'App\\Models\\ItemSuperior',24,'App\\Models\\User','{\"ip\":\"10.63.122.84\",\"user\":{\"id\":24,\"name\":\"Nelzon\",\"lastname\":\"Zuna Huanca\",\"email\":\"nelzon777@gmail.com\",\"cellphone\":\"65412333\",\"rol\":\"Administrador del Sistema\",\"unidaddegasto\":\"Dpto de sistemas\",\"facultad\":null,\"unidad_id\":25,\"created_at\":\"2021-05-24 11:15:13\",\"updated_at\":\"2021-05-24 11:15:13\"}}','2021-07-01 19:18:18','2021-07-01 19:18:18'),(212,'itemsuperior','updated',60,'App\\Models\\ItemSuperior',24,'App\\Models\\User','{\"ip\":\"10.63.122.84\",\"user\":{\"id\":24,\"name\":\"Nelzon\",\"lastname\":\"Zuna Huanca\",\"email\":\"nelzon777@gmail.com\",\"cellphone\":\"65412333\",\"rol\":\"Administrador del Sistema\",\"unidaddegasto\":\"Dpto de sistemas\",\"facultad\":null,\"unidad_id\":25,\"created_at\":\"2021-05-24 11:15:13\",\"updated_at\":\"2021-05-24 11:15:13\"}}','2021-07-01 19:18:59','2021-07-01 19:18:59'),(213,'items','created',63,'App\\Models\\Item',24,'App\\Models\\User','{\"ip\":\"10.43.248.213\",\"user\":{\"id\":24,\"name\":\"Nelzon\",\"lastname\":\"Zuna Huanca\",\"email\":\"nelzon777@gmail.com\",\"cellphone\":\"65412333\",\"rol\":\"Administrador del Sistema\",\"unidaddegasto\":\"Dpto de sistemas\",\"facultad\":null,\"unidad_id\":25,\"created_at\":\"2021-05-24 11:15:13\",\"updated_at\":\"2021-05-24 11:15:13\"}}','2021-07-01 19:41:07','2021-07-01 19:41:07'),(214,'items','updated',63,'App\\Models\\Item',24,'App\\Models\\User','{\"ip\":\"10.123.253.194\",\"user\":{\"id\":24,\"name\":\"Nelzon\",\"lastname\":\"Zuna Huanca\",\"email\":\"nelzon777@gmail.com\",\"cellphone\":\"65412333\",\"rol\":\"Administrador del Sistema\",\"unidaddegasto\":\"Dpto de sistemas\",\"facultad\":null,\"unidad_id\":25,\"created_at\":\"2021-05-24 11:15:13\",\"updated_at\":\"2021-05-24 11:15:13\"}}','2021-07-02 10:49:19','2021-07-02 10:49:19'),(215,'items','updated',63,'App\\Models\\Item',24,'App\\Models\\User','{\"ip\":\"10.11.220.217\",\"user\":{\"id\":24,\"name\":\"Nelzon\",\"lastname\":\"Zuna Huanca\",\"email\":\"nelzon777@gmail.com\",\"cellphone\":\"65412333\",\"rol\":\"Administrador del Sistema\",\"unidaddegasto\":\"Dpto de sistemas\",\"facultad\":null,\"unidad_id\":25,\"created_at\":\"2021-05-24 11:15:13\",\"updated_at\":\"2021-05-24 11:15:13\"}}','2021-07-02 10:51:28','2021-07-02 10:51:28'),(216,'presupuesto','created',44,'App\\Models\\PresupuestoUnidad',24,'App\\Models\\User','{\"ip\":\"10.181.54.2\",\"user\":{\"id\":24,\"name\":\"Nelzon\",\"lastname\":\"Zuna Huanca\",\"email\":\"nelzon777@gmail.com\",\"cellphone\":\"65412333\",\"rol\":\"Administrador del Sistema\",\"unidaddegasto\":\"Dpto de sistemas\",\"facultad\":null,\"unidad_id\":25,\"created_at\":\"2021-05-24 11:15:13\",\"updated_at\":\"2021-05-24 11:15:13\"}}','2021-07-02 11:18:53','2021-07-02 11:18:53'),(217,'presupuesto','deleted',46,'App\\Models\\PresupuestoUnidad',24,'App\\Models\\User','{\"ip\":\"10.31.110.160\",\"user\":{\"id\":24,\"name\":\"Nelzon\",\"lastname\":\"Zuna Huanca\",\"email\":\"nelzon777@gmail.com\",\"cellphone\":\"65412333\",\"rol\":\"Administrador del Sistema\",\"unidaddegasto\":\"Dpto de sistemas\",\"facultad\":null,\"unidad_id\":25,\"created_at\":\"2021-05-24 11:15:13\",\"updated_at\":\"2021-05-24 11:15:13\"}}','2021-07-02 11:36:37','2021-07-02 11:36:37'),(218,'presupuesto','deleted',45,'App\\Models\\PresupuestoUnidad',24,'App\\Models\\User','{\"ip\":\"10.31.110.160\",\"user\":{\"id\":24,\"name\":\"Nelzon\",\"lastname\":\"Zuna Huanca\",\"email\":\"nelzon777@gmail.com\",\"cellphone\":\"65412333\",\"rol\":\"Administrador del Sistema\",\"unidaddegasto\":\"Dpto de sistemas\",\"facultad\":null,\"unidad_id\":25,\"created_at\":\"2021-05-24 11:15:13\",\"updated_at\":\"2021-05-24 11:15:13\"}}','2021-07-02 11:36:53','2021-07-02 11:36:53'),(219,'presupuesto','created',47,'App\\Models\\PresupuestoUnidad',24,'App\\Models\\User','{\"ip\":\"10.102.247.55\",\"user\":{\"id\":24,\"name\":\"Nelzon\",\"lastname\":\"Zuna Huanca\",\"email\":\"nelzon777@gmail.com\",\"cellphone\":\"65412333\",\"rol\":\"Administrador del Sistema\",\"unidaddegasto\":\"Dpto de sistemas\",\"facultad\":null,\"unidad_id\":25,\"created_at\":\"2021-05-24 11:15:13\",\"updated_at\":\"2021-05-24 11:15:13\"}}','2021-07-02 11:38:22','2021-07-02 11:38:22'),(220,'presupuesto','updated',NULL,NULL,24,'App\\Models\\User','{\"ip\":\"10.63.102.120\",\"user\":{\"id\":24,\"name\":\"Nelzon\",\"lastname\":\"Zuna Huanca\",\"email\":\"nelzon777@gmail.com\",\"cellphone\":\"65412333\",\"rol\":\"Administrador del Sistema\",\"unidaddegasto\":\"Dpto de sistemas\",\"facultad\":null,\"unidad_id\":25,\"created_at\":\"2021-05-24 11:15:13\",\"updated_at\":\"2021-05-24 11:15:13\"}}','2021-07-02 11:45:14','2021-07-02 11:45:14'),(221,'presupuesto-asignacion','created',61,'App\\Models\\ItemPres',38,'App\\Models\\User','{\"ip\":\"10.41.181.68\",\"user\":{\"id\":38,\"name\":\"Kaiba\",\"lastname\":\"Rojas Solis\",\"email\":\"kaiba777@gmail.com\",\"cellphone\":\"65565656\",\"rol\":\"Jefe\",\"unidaddegasto\":\"Carrera de Ingenieria Comercial\",\"facultad\":null,\"unidad_id\":35,\"created_at\":\"2021-06-23 11:33:59\",\"updated_at\":\"2021-06-23 11:33:59\"}}','2021-07-02 16:29:17','2021-07-02 16:29:17'),(222,'presupuesto-asignacion','created',63,'App\\Models\\ItemPres',38,'App\\Models\\User','{\"ip\":\"10.9.251.250\",\"user\":{\"id\":38,\"name\":\"Kaiba\",\"lastname\":\"Rojas Solis\",\"email\":\"kaiba777@gmail.com\",\"cellphone\":\"65565656\",\"rol\":\"Jefe\",\"unidaddegasto\":\"Carrera de Ingenieria Comercial\",\"facultad\":null,\"unidad_id\":35,\"created_at\":\"2021-06-23 11:33:59\",\"updated_at\":\"2021-06-23 11:33:59\"}}','2021-07-02 17:38:34','2021-07-02 17:38:34'),(223,'items','created',64,'App\\Models\\Item',38,'App\\Models\\User','{\"ip\":\"10.30.62.90\",\"user\":{\"id\":38,\"name\":\"Kaiba\",\"lastname\":\"Rojas Solis\",\"email\":\"kaiba777@gmail.com\",\"cellphone\":\"65565656\",\"rol\":\"Jefe\",\"unidaddegasto\":\"Carrera de Ingenieria Comercial\",\"facultad\":null,\"unidad_id\":35,\"created_at\":\"2021-06-23 11:33:59\",\"updated_at\":\"2021-06-23 11:33:59\"}}','2021-07-02 18:07:23','2021-07-02 18:07:23'),(224,'usuario','created',47,'App\\Models\\User',24,'App\\Models\\User','{\"ip\":\"10.63.46.182\",\"user\":{\"id\":24,\"name\":\"Nelzon\",\"lastname\":\"Zuna Huanca\",\"email\":\"nelzon777@gmail.com\",\"cellphone\":\"65412333\",\"rol\":\"Administrador del Sistema\",\"unidaddegasto\":\"Dpto de sistemas\",\"facultad\":null,\"unidad_id\":25,\"created_at\":\"2021-05-24 11:15:13\",\"updated_at\":\"2021-05-24 11:15:13\"}}','2021-07-06 09:39:41','2021-07-06 09:39:41'),(225,'usuario','created',48,'App\\Models\\User',24,'App\\Models\\User','{\"ip\":\"10.41.254.31\",\"user\":{\"id\":24,\"name\":\"Nelzon\",\"lastname\":\"Zuna Huanca\",\"email\":\"nelzon777@gmail.com\",\"cellphone\":\"65412333\",\"rol\":\"Administrador del Sistema\",\"unidaddegasto\":\"Dpto de sistemas\",\"facultad\":null,\"unidad_id\":25,\"created_at\":\"2021-05-24 11:15:13\",\"updated_at\":\"2021-05-24 11:15:13\"}}','2021-07-06 09:41:44','2021-07-06 09:41:44'),(226,'rol','updated',3,'App\\Models\\Rol',24,'App\\Models\\User','{\"ip\":\"10.47.134.217\",\"user\":{\"id\":24,\"name\":\"Nelzon\",\"lastname\":\"Zuna Huanca\",\"email\":\"nelzon777@gmail.com\",\"cellphone\":\"65412333\",\"rol\":\"Administrador del Sistema\",\"unidaddegasto\":\"Dpto de sistemas\",\"facultad\":null,\"unidad_id\":25,\"created_at\":\"2021-05-24 11:15:13\",\"updated_at\":\"2021-05-24 11:15:13\"}}','2021-07-06 10:22:18','2021-07-06 10:22:18'),(227,'solicitudes','created',59,'App\\Models\\Unidad',24,'App\\Models\\User','{\"ip\":\"10.79.218.111\",\"user\":{\"id\":24,\"name\":\"Nelzon\",\"lastname\":\"Zuna Huanca\",\"email\":\"nelzon777@gmail.com\",\"cellphone\":\"65412333\",\"rol\":\"Administrador del Sistema\",\"unidaddegasto\":\"Dpto de sistemas\",\"facultad\":null,\"unidad_id\":25,\"created_at\":\"2021-05-24 11:15:13\",\"updated_at\":\"2021-05-24 11:15:13\"}}','2021-07-06 10:24:13','2021-07-06 10:24:13'),(228,'presupuesto','updated',NULL,NULL,15,'App\\Models\\User','{\"ip\":\"10.41.215.225\",\"user\":{\"id\":15,\"name\":\"Armando\",\"lastname\":\"Paredes Pisos\",\"email\":\"aparedes@gmail.com\",\"cellphone\":\"66666666\",\"rol\":\"Administrador del sistema\",\"unidaddegasto\":\"Dpto. de Matematicas\",\"facultad\":\"Fac. Ciencias y Tecnolog\\u00eda\",\"unidad_id\":13,\"created_at\":\"2021-05-20 13:50:27\",\"updated_at\":\"2021-06-17 10:16:45\"}}','2021-07-06 11:38:07','2021-07-06 11:38:07'),(229,'presupuesto','deleted',48,'App\\Models\\PresupuestoUnidad',15,'App\\Models\\User','{\"ip\":\"10.41.215.225\",\"user\":{\"id\":15,\"name\":\"Armando\",\"lastname\":\"Paredes Pisos\",\"email\":\"aparedes@gmail.com\",\"cellphone\":\"66666666\",\"rol\":\"Administrador del sistema\",\"unidaddegasto\":\"Dpto. de Matematicas\",\"facultad\":\"Fac. Ciencias y Tecnolog\\u00eda\",\"unidad_id\":13,\"created_at\":\"2021-05-20 13:50:27\",\"updated_at\":\"2021-06-17 10:16:45\"}}','2021-07-06 11:38:22','2021-07-06 11:38:22'),(230,'presupuesto','updated',NULL,NULL,15,'App\\Models\\User','{\"ip\":\"10.41.215.225\",\"user\":{\"id\":15,\"name\":\"Armando\",\"lastname\":\"Paredes Pisos\",\"email\":\"aparedes@gmail.com\",\"cellphone\":\"66666666\",\"rol\":\"Administrador del sistema\",\"unidaddegasto\":\"Dpto. de Matematicas\",\"facultad\":\"Fac. Ciencias y Tecnolog\\u00eda\",\"unidad_id\":13,\"created_at\":\"2021-05-20 13:50:27\",\"updated_at\":\"2021-06-17 10:16:45\"}}','2021-07-06 11:38:38','2021-07-06 11:38:38'),(231,'presupuesto','updated',NULL,NULL,15,'App\\Models\\User','{\"ip\":\"10.123.250.159\",\"user\":{\"id\":15,\"name\":\"Armando\",\"lastname\":\"Paredes Pisos\",\"email\":\"aparedes@gmail.com\",\"cellphone\":\"66666666\",\"rol\":\"Administrador del sistema\",\"unidaddegasto\":\"Dpto. de Matematicas\",\"facultad\":\"Fac. Ciencias y Tecnolog\\u00eda\",\"unidad_id\":13,\"created_at\":\"2021-05-20 13:50:27\",\"updated_at\":\"2021-06-17 10:16:45\"}}','2021-07-06 11:39:45','2021-07-06 11:39:45'),(232,'rol','updated',10,'App\\Models\\Rol',15,'App\\Models\\User','{\"ip\":\"10.45.121.137\",\"user\":{\"id\":15,\"name\":\"Armando\",\"lastname\":\"Paredes Pisos\",\"email\":\"aparedes@gmail.com\",\"cellphone\":\"66666666\",\"rol\":\"Administrador del sistema\",\"unidaddegasto\":\"Dpto. de Matematicas\",\"facultad\":\"Fac. Ciencias y Tecnolog\\u00eda\",\"unidad_id\":13,\"created_at\":\"2021-05-20 13:50:27\",\"updated_at\":\"2021-06-17 10:16:45\"}}','2021-07-06 11:58:03','2021-07-06 11:58:03'),(233,'presupuesto','updated',NULL,NULL,15,'App\\Models\\User','{\"ip\":\"10.30.66.165\",\"user\":{\"id\":15,\"name\":\"Armando\",\"lastname\":\"Paredes Pisos\",\"email\":\"aparedes@gmail.com\",\"cellphone\":\"66666666\",\"rol\":\"Administrador del sistema\",\"unidaddegasto\":\"Dpto. de Matematicas\",\"facultad\":\"Fac. Ciencias y Tecnolog\\u00eda\",\"unidad_id\":13,\"created_at\":\"2021-05-20 13:50:27\",\"updated_at\":\"2021-06-17 10:16:45\"}}','2021-07-07 10:07:19','2021-07-07 10:07:19'),(234,'presupuesto','deleted',47,'App\\Models\\PresupuestoUnidad',15,'App\\Models\\User','{\"ip\":\"10.11.238.187\",\"user\":{\"id\":15,\"name\":\"Armando\",\"lastname\":\"Paredes Pisos\",\"email\":\"aparedes@gmail.com\",\"cellphone\":\"66666666\",\"rol\":\"Administrador del sistema\",\"unidaddegasto\":\"Dpto. de Matematicas\",\"facultad\":\"Fac. Ciencias y Tecnolog\\u00eda\",\"unidad_id\":13,\"created_at\":\"2021-05-20 13:50:27\",\"updated_at\":\"2021-06-17 10:16:45\"}}','2021-07-07 10:09:06','2021-07-07 10:09:06'),(235,'presupuesto','deleted',43,'App\\Models\\PresupuestoUnidad',15,'App\\Models\\User','{\"ip\":\"10.99.228.79\",\"user\":{\"id\":15,\"name\":\"Armando\",\"lastname\":\"Paredes Pisos\",\"email\":\"aparedes@gmail.com\",\"cellphone\":\"66666666\",\"rol\":\"Administrador del sistema\",\"unidaddegasto\":\"Dpto. de Matematicas\",\"facultad\":\"Fac. Ciencias y Tecnolog\\u00eda\",\"unidad_id\":13,\"created_at\":\"2021-05-20 13:50:27\",\"updated_at\":\"2021-06-17 10:16:45\"}}','2021-07-07 10:09:46','2021-07-07 10:09:46'),(236,'presupuesto','created',50,'App\\Models\\PresupuestoUnidad',15,'App\\Models\\User','{\"ip\":\"10.71.221.241\",\"user\":{\"id\":15,\"name\":\"Armando\",\"lastname\":\"Paredes Pisos\",\"email\":\"aparedes@gmail.com\",\"cellphone\":\"66666666\",\"rol\":\"Administrador del sistema\",\"unidaddegasto\":\"Dpto. de Matematicas\",\"facultad\":\"Fac. Ciencias y Tecnolog\\u00eda\",\"unidad_id\":13,\"created_at\":\"2021-05-20 13:50:27\",\"updated_at\":\"2021-06-17 10:16:45\"}}','2021-07-07 10:10:05','2021-07-07 10:10:05'),(237,'presupuesto','deleted',50,'App\\Models\\PresupuestoUnidad',15,'App\\Models\\User','{\"ip\":\"10.102.165.236\",\"user\":{\"id\":15,\"name\":\"Armando\",\"lastname\":\"Paredes Pisos\",\"email\":\"aparedes@gmail.com\",\"cellphone\":\"66666666\",\"rol\":\"Administrador del sistema\",\"unidaddegasto\":\"Dpto. de Matematicas\",\"facultad\":\"Fac. Ciencias y Tecnolog\\u00eda\",\"unidad_id\":13,\"created_at\":\"2021-05-20 13:50:27\",\"updated_at\":\"2021-06-17 10:16:45\"}}','2021-07-07 10:12:37','2021-07-07 10:12:37'),(238,'presupuesto','deleted',52,'App\\Models\\PresupuestoUnidad',15,'App\\Models\\User','{\"ip\":\"10.63.104.194\",\"user\":{\"id\":15,\"name\":\"Armando\",\"lastname\":\"Paredes Pisos\",\"email\":\"aparedes@gmail.com\",\"cellphone\":\"66666666\",\"rol\":\"Administrador del sistema\",\"unidaddegasto\":\"Dpto. de Matematicas\",\"facultad\":\"Fac. Ciencias y Tecnolog\\u00eda\",\"unidad_id\":13,\"created_at\":\"2021-05-20 13:50:27\",\"updated_at\":\"2021-06-17 10:16:45\"}}','2021-07-07 10:22:48','2021-07-07 10:22:48'),(239,'presupuesto','deleted',51,'App\\Models\\PresupuestoUnidad',15,'App\\Models\\User','{\"ip\":\"10.63.104.194\",\"user\":{\"id\":15,\"name\":\"Armando\",\"lastname\":\"Paredes Pisos\",\"email\":\"aparedes@gmail.com\",\"cellphone\":\"66666666\",\"rol\":\"Administrador del sistema\",\"unidaddegasto\":\"Dpto. de Matematicas\",\"facultad\":\"Fac. Ciencias y Tecnolog\\u00eda\",\"unidad_id\":13,\"created_at\":\"2021-05-20 13:50:27\",\"updated_at\":\"2021-06-17 10:16:45\"}}','2021-07-07 10:23:20','2021-07-07 10:23:20'),(240,'presupuesto','created',53,'App\\Models\\PresupuestoUnidad',15,'App\\Models\\User','{\"ip\":\"10.7.213.175\",\"user\":{\"id\":15,\"name\":\"Armando\",\"lastname\":\"Paredes Pisos\",\"email\":\"aparedes@gmail.com\",\"cellphone\":\"66666666\",\"rol\":\"Administrador del sistema\",\"unidaddegasto\":\"Dpto. de Matematicas\",\"facultad\":\"Fac. Ciencias y Tecnolog\\u00eda\",\"unidad_id\":13,\"created_at\":\"2021-05-20 13:50:27\",\"updated_at\":\"2021-06-17 10:16:45\"}}','2021-07-07 10:23:37','2021-07-07 10:23:37'),(241,'presupuesto','deleted',53,'App\\Models\\PresupuestoUnidad',15,'App\\Models\\User','{\"ip\":\"10.7.213.175\",\"user\":{\"id\":15,\"name\":\"Armando\",\"lastname\":\"Paredes Pisos\",\"email\":\"aparedes@gmail.com\",\"cellphone\":\"66666666\",\"rol\":\"Administrador del sistema\",\"unidaddegasto\":\"Dpto. de Matematicas\",\"facultad\":\"Fac. Ciencias y Tecnolog\\u00eda\",\"unidad_id\":13,\"created_at\":\"2021-05-20 13:50:27\",\"updated_at\":\"2021-06-17 10:16:45\"}}','2021-07-07 10:23:55','2021-07-07 10:23:55'),(242,'presupuesto','created',54,'App\\Models\\PresupuestoUnidad',15,'App\\Models\\User','{\"ip\":\"10.61.168.5\",\"user\":{\"id\":15,\"name\":\"Armando\",\"lastname\":\"Paredes Pisos\",\"email\":\"aparedes@gmail.com\",\"cellphone\":\"66666666\",\"rol\":\"Administrador del sistema\",\"unidaddegasto\":\"Dpto. de Matematicas\",\"facultad\":\"Fac. Ciencias y Tecnolog\\u00eda\",\"unidad_id\":13,\"created_at\":\"2021-05-20 13:50:27\",\"updated_at\":\"2021-06-17 10:16:45\"}}','2021-07-07 10:24:56','2021-07-07 10:24:56'),(243,'presupuesto','deleted',54,'App\\Models\\PresupuestoUnidad',15,'App\\Models\\User','{\"ip\":\"10.61.168.5\",\"user\":{\"id\":15,\"name\":\"Armando\",\"lastname\":\"Paredes Pisos\",\"email\":\"aparedes@gmail.com\",\"cellphone\":\"66666666\",\"rol\":\"Administrador del sistema\",\"unidaddegasto\":\"Dpto. de Matematicas\",\"facultad\":\"Fac. Ciencias y Tecnolog\\u00eda\",\"unidad_id\":13,\"created_at\":\"2021-05-20 13:50:27\",\"updated_at\":\"2021-06-17 10:16:45\"}}','2021-07-07 10:25:07','2021-07-07 10:25:07'),(244,'presupuesto','deleted',49,'App\\Models\\PresupuestoUnidad',15,'App\\Models\\User','{\"ip\":\"10.7.213.175\",\"user\":{\"id\":15,\"name\":\"Armando\",\"lastname\":\"Paredes Pisos\",\"email\":\"aparedes@gmail.com\",\"cellphone\":\"66666666\",\"rol\":\"Administrador del sistema\",\"unidaddegasto\":\"Dpto. de Matematicas\",\"facultad\":\"Fac. Ciencias y Tecnolog\\u00eda\",\"unidad_id\":13,\"created_at\":\"2021-05-20 13:50:27\",\"updated_at\":\"2021-06-17 10:16:45\"}}','2021-07-07 10:29:25','2021-07-07 10:29:25'),(245,'presupuesto','deleted',55,'App\\Models\\PresupuestoUnidad',15,'App\\Models\\User','{\"ip\":\"10.30.201.120\",\"user\":{\"id\":15,\"name\":\"Armando\",\"lastname\":\"Paredes Pisos\",\"email\":\"aparedes@gmail.com\",\"cellphone\":\"66666666\",\"rol\":\"Administrador del sistema\",\"unidaddegasto\":\"Dpto. de Matematicas\",\"facultad\":\"Fac. Ciencias y Tecnolog\\u00eda\",\"unidad_id\":13,\"created_at\":\"2021-05-20 13:50:27\",\"updated_at\":\"2021-06-17 10:16:45\"}}','2021-07-07 10:31:45','2021-07-07 10:31:45'),(246,'presupuesto','deleted',41,'App\\Models\\PresupuestoUnidad',15,'App\\Models\\User','{\"ip\":\"10.30.201.120\",\"user\":{\"id\":15,\"name\":\"Armando\",\"lastname\":\"Paredes Pisos\",\"email\":\"aparedes@gmail.com\",\"cellphone\":\"66666666\",\"rol\":\"Administrador del sistema\",\"unidaddegasto\":\"Dpto. de Matematicas\",\"facultad\":\"Fac. Ciencias y Tecnolog\\u00eda\",\"unidad_id\":13,\"created_at\":\"2021-05-20 13:50:27\",\"updated_at\":\"2021-06-17 10:16:45\"}}','2021-07-07 10:32:02','2021-07-07 10:32:02'),(247,'presupuesto','deleted',42,'App\\Models\\PresupuestoUnidad',15,'App\\Models\\User','{\"ip\":\"10.47.181.239\",\"user\":{\"id\":15,\"name\":\"Armando\",\"lastname\":\"Paredes Pisos\",\"email\":\"aparedes@gmail.com\",\"cellphone\":\"66666666\",\"rol\":\"Administrador del sistema\",\"unidaddegasto\":\"Dpto. de Matematicas\",\"facultad\":\"Fac. Ciencias y Tecnolog\\u00eda\",\"unidad_id\":13,\"created_at\":\"2021-05-20 13:50:27\",\"updated_at\":\"2021-06-17 10:16:45\"}}','2021-07-07 10:32:09','2021-07-07 10:32:09'),(248,'presupuesto','deleted',40,'App\\Models\\PresupuestoUnidad',15,'App\\Models\\User','{\"ip\":\"10.47.181.239\",\"user\":{\"id\":15,\"name\":\"Armando\",\"lastname\":\"Paredes Pisos\",\"email\":\"aparedes@gmail.com\",\"cellphone\":\"66666666\",\"rol\":\"Administrador del sistema\",\"unidaddegasto\":\"Dpto. de Matematicas\",\"facultad\":\"Fac. Ciencias y Tecnolog\\u00eda\",\"unidad_id\":13,\"created_at\":\"2021-05-20 13:50:27\",\"updated_at\":\"2021-06-17 10:16:45\"}}','2021-07-07 10:33:03','2021-07-07 10:33:03'),(249,'presupuesto','deleted',36,'App\\Models\\PresupuestoUnidad',15,'App\\Models\\User','{\"ip\":\"10.47.181.239\",\"user\":{\"id\":15,\"name\":\"Armando\",\"lastname\":\"Paredes Pisos\",\"email\":\"aparedes@gmail.com\",\"cellphone\":\"66666666\",\"rol\":\"Administrador del sistema\",\"unidaddegasto\":\"Dpto. de Matematicas\",\"facultad\":\"Fac. Ciencias y Tecnolog\\u00eda\",\"unidad_id\":13,\"created_at\":\"2021-05-20 13:50:27\",\"updated_at\":\"2021-06-17 10:16:45\"}}','2021-07-07 10:33:06','2021-07-07 10:33:06'),(250,'presupuesto','deleted',34,'App\\Models\\PresupuestoUnidad',15,'App\\Models\\User','{\"ip\":\"10.183.111.122\",\"user\":{\"id\":15,\"name\":\"Armando\",\"lastname\":\"Paredes Pisos\",\"email\":\"aparedes@gmail.com\",\"cellphone\":\"66666666\",\"rol\":\"Administrador del sistema\",\"unidaddegasto\":\"Dpto. de Matematicas\",\"facultad\":\"Fac. Ciencias y Tecnolog\\u00eda\",\"unidad_id\":13,\"created_at\":\"2021-05-20 13:50:27\",\"updated_at\":\"2021-06-17 10:16:45\"}}','2021-07-07 10:33:18','2021-07-07 10:33:18'),(251,'rol','created',32,'App\\Models\\Rol',15,'App\\Models\\User','{\"ip\":\"10.45.182.145\",\"user\":{\"id\":15,\"name\":\"Armando\",\"lastname\":\"Paredes Pisos\",\"email\":\"aparedes@gmail.com\",\"cellphone\":\"66666666\",\"rol\":\"Administrador del sistema\",\"unidaddegasto\":\"Dpto. de Matematicas\",\"facultad\":\"Fac. Ciencias y Tecnolog\\u00eda\",\"unidad_id\":13,\"created_at\":\"2021-05-20 13:50:27\",\"updated_at\":\"2021-06-17 10:16:45\"}}','2021-07-07 10:51:46','2021-07-07 10:51:46'),(252,'rol','deleted',32,'App\\Models\\Rol',15,'App\\Models\\User','{\"ip\":\"10.63.117.210\",\"user\":{\"id\":15,\"name\":\"Armando\",\"lastname\":\"Paredes Pisos\",\"email\":\"aparedes@gmail.com\",\"cellphone\":\"66666666\",\"rol\":\"Administrador del sistema\",\"unidaddegasto\":\"Dpto. de Matematicas\",\"facultad\":\"Fac. Ciencias y Tecnolog\\u00eda\",\"unidad_id\":13,\"created_at\":\"2021-05-20 13:50:27\",\"updated_at\":\"2021-06-17 10:16:45\"}}','2021-07-07 10:51:53','2021-07-07 10:51:53'),(253,'rol','created',33,'App\\Models\\Rol',15,'App\\Models\\User','{\"ip\":\"10.102.133.217\",\"user\":{\"id\":15,\"name\":\"Armando\",\"lastname\":\"Paredes Pisos\",\"email\":\"aparedes@gmail.com\",\"cellphone\":\"66666666\",\"rol\":\"Administrador del sistema\",\"unidaddegasto\":\"Dpto. de Matematicas\",\"facultad\":\"Fac. Ciencias y Tecnolog\\u00eda\",\"unidad_id\":13,\"created_at\":\"2021-05-20 13:50:27\",\"updated_at\":\"2021-06-17 10:16:45\"}}','2021-07-07 10:58:24','2021-07-07 10:58:24'),(254,'rol','deleted',33,'App\\Models\\Rol',15,'App\\Models\\User','{\"ip\":\"10.41.171.6\",\"user\":{\"id\":15,\"name\":\"Armando\",\"lastname\":\"Paredes Pisos\",\"email\":\"aparedes@gmail.com\",\"cellphone\":\"66666666\",\"rol\":\"Administrador del sistema\",\"unidaddegasto\":\"Dpto. de Matematicas\",\"facultad\":\"Fac. Ciencias y Tecnolog\\u00eda\",\"unidad_id\":13,\"created_at\":\"2021-05-20 13:50:27\",\"updated_at\":\"2021-06-17 10:16:45\"}}','2021-07-07 10:58:29','2021-07-07 10:58:29'),(255,'itemscotizados','created',67,'App\\Models\\ItemSuperior',24,'App\\Models\\User','{\"ip\":\"10.16.188.46\",\"user\":{\"id\":24,\"name\":\"Nelzon\",\"lastname\":\"Zuna Huanca\",\"email\":\"nelzon777@gmail.com\",\"cellphone\":\"65412333\",\"rol\":\"Administrador del Sistema\",\"unidaddegasto\":\"Dpto de sistemas\",\"facultad\":null,\"unidad_id\":25,\"created_at\":\"2021-05-24 11:15:13\",\"updated_at\":\"2021-05-24 11:15:13\"}}','2021-07-07 11:45:02','2021-07-07 11:45:02'),(256,'items','created',66,'App\\Models\\Item',24,'App\\Models\\User','{\"ip\":\"10.16.188.46\",\"user\":{\"id\":24,\"name\":\"Nelzon\",\"lastname\":\"Zuna Huanca\",\"email\":\"nelzon777@gmail.com\",\"cellphone\":\"65412333\",\"rol\":\"Administrador del Sistema\",\"unidaddegasto\":\"Dpto de sistemas\",\"facultad\":null,\"unidad_id\":25,\"created_at\":\"2021-05-24 11:15:13\",\"updated_at\":\"2021-05-24 11:15:13\"}}','2021-07-07 11:45:40','2021-07-07 11:45:40'),(257,'usuario','created',49,'App\\Models\\User',24,'App\\Models\\User','{\"ip\":\"10.5.177.43\",\"user\":{\"id\":24,\"name\":\"Nelzon\",\"lastname\":\"Zuna Huanca\",\"email\":\"nelzon777@gmail.com\",\"cellphone\":\"65412333\",\"rol\":\"Administrador del Sistema\",\"unidaddegasto\":\"Dpto de sistemas\",\"facultad\":null,\"unidad_id\":25,\"created_at\":\"2021-05-24 11:15:13\",\"updated_at\":\"2021-05-24 11:15:13\"}}','2021-07-07 11:52:04','2021-07-07 11:52:04'),(258,'items','created',67,'App\\Models\\Item',24,'App\\Models\\User','{\"ip\":\"10.99.241.169\",\"user\":{\"id\":24,\"name\":\"Nelzon\",\"lastname\":\"Zuna Huanca\",\"email\":\"nelzon777@gmail.com\",\"cellphone\":\"65412333\",\"rol\":\"Administrador del Sistema\",\"unidaddegasto\":\"Dpto de sistemas\",\"facultad\":null,\"unidad_id\":25,\"created_at\":\"2021-05-24 11:15:13\",\"updated_at\":\"2021-05-24 11:15:13\"}}','2021-07-07 11:54:25','2021-07-07 11:54:25'),(259,'itemscotizados','created',68,'App\\Models\\ItemSuperior',24,'App\\Models\\User','{\"ip\":\"10.99.241.169\",\"user\":{\"id\":24,\"name\":\"Nelzon\",\"lastname\":\"Zuna Huanca\",\"email\":\"nelzon777@gmail.com\",\"cellphone\":\"65412333\",\"rol\":\"Administrador del Sistema\",\"unidaddegasto\":\"Dpto de sistemas\",\"facultad\":null,\"unidad_id\":25,\"created_at\":\"2021-05-24 11:15:13\",\"updated_at\":\"2021-05-24 11:15:13\"}}','2021-07-07 11:54:41','2021-07-07 11:54:41'),(260,'usuario','created',50,'App\\Models\\User',24,'App\\Models\\User','{\"ip\":\"10.99.241.169\",\"user\":{\"id\":24,\"name\":\"Nelzon\",\"lastname\":\"Zuna Huanca\",\"email\":\"nelzon777@gmail.com\",\"cellphone\":\"65412333\",\"rol\":\"Administrador del Sistema\",\"unidaddegasto\":\"Dpto de sistemas\",\"facultad\":null,\"unidad_id\":25,\"created_at\":\"2021-05-24 11:15:13\",\"updated_at\":\"2021-05-24 11:15:13\"}}','2021-07-07 11:55:17','2021-07-07 11:55:17'),(261,'usuario','created',54,'App\\Models\\User',24,'App\\Models\\User','{\"ip\":\"10.5.162.164\",\"user\":{\"id\":24,\"name\":\"Nelzon\",\"lastname\":\"Zuna Huanca\",\"email\":\"nelzon777@gmail.com\",\"cellphone\":\"65412333\",\"rol\":\"Administrador del Sistema\",\"unidaddegasto\":\"Dpto de sistemas\",\"facultad\":null,\"unidad_id\":25,\"created_at\":\"2021-05-24 11:15:13\",\"updated_at\":\"2021-05-24 11:15:13\"}}','2021-07-07 13:52:27','2021-07-07 13:52:27'),(262,'usuario','created',55,'App\\Models\\User',24,'App\\Models\\User','{\"ip\":\"10.5.162.164\",\"user\":{\"id\":24,\"name\":\"Nelzon\",\"lastname\":\"Zuna Huanca\",\"email\":\"nelzon777@gmail.com\",\"cellphone\":\"65412333\",\"rol\":\"Administrador del Sistema\",\"unidaddegasto\":\"Dpto de sistemas\",\"facultad\":null,\"unidad_id\":25,\"created_at\":\"2021-05-24 11:15:13\",\"updated_at\":\"2021-05-24 11:15:13\"}}','2021-07-07 13:54:33','2021-07-07 13:54:33'),(263,'usuario','deleted',55,'App\\Models\\User',24,'App\\Models\\User','{\"ip\":\"10.13.249.4\",\"user\":{\"id\":24,\"name\":\"Nelzon\",\"lastname\":\"Zuna Huanca\",\"email\":\"nelzon777@gmail.com\",\"cellphone\":\"65412333\",\"rol\":\"Administrador del Sistema\",\"unidaddegasto\":\"Dpto de sistemas\",\"facultad\":null,\"unidad_id\":25,\"created_at\":\"2021-05-24 11:15:13\",\"updated_at\":\"2021-05-24 11:15:13\"}}','2021-07-07 13:54:46','2021-07-07 13:54:46'),(264,'usuario','deleted',54,'App\\Models\\User',24,'App\\Models\\User','{\"ip\":\"10.13.249.4\",\"user\":{\"id\":24,\"name\":\"Nelzon\",\"lastname\":\"Zuna Huanca\",\"email\":\"nelzon777@gmail.com\",\"cellphone\":\"65412333\",\"rol\":\"Administrador del Sistema\",\"unidaddegasto\":\"Dpto de sistemas\",\"facultad\":null,\"unidad_id\":25,\"created_at\":\"2021-05-24 11:15:13\",\"updated_at\":\"2021-05-24 11:15:13\"}}','2021-07-07 13:54:50','2021-07-07 13:54:50'),(265,'usuario','deleted',53,'App\\Models\\User',24,'App\\Models\\User','{\"ip\":\"10.13.249.4\",\"user\":{\"id\":24,\"name\":\"Nelzon\",\"lastname\":\"Zuna Huanca\",\"email\":\"nelzon777@gmail.com\",\"cellphone\":\"65412333\",\"rol\":\"Administrador del Sistema\",\"unidaddegasto\":\"Dpto de sistemas\",\"facultad\":null,\"unidad_id\":25,\"created_at\":\"2021-05-24 11:15:13\",\"updated_at\":\"2021-05-24 11:15:13\"}}','2021-07-07 13:54:54','2021-07-07 13:54:54'),(266,'usuario','deleted',52,'App\\Models\\User',24,'App\\Models\\User','{\"ip\":\"10.13.249.4\",\"user\":{\"id\":24,\"name\":\"Nelzon\",\"lastname\":\"Zuna Huanca\",\"email\":\"nelzon777@gmail.com\",\"cellphone\":\"65412333\",\"rol\":\"Administrador del Sistema\",\"unidaddegasto\":\"Dpto de sistemas\",\"facultad\":null,\"unidad_id\":25,\"created_at\":\"2021-05-24 11:15:13\",\"updated_at\":\"2021-05-24 11:15:13\"}}','2021-07-07 13:54:58','2021-07-07 13:54:58'),(267,'usuario','deleted',49,'App\\Models\\User',24,'App\\Models\\User','{\"ip\":\"10.101.182.164\",\"user\":{\"id\":24,\"name\":\"Nelzon\",\"lastname\":\"Zuna Huanca\",\"email\":\"nelzon777@gmail.com\",\"cellphone\":\"65412333\",\"rol\":\"Administrador del Sistema\",\"unidaddegasto\":\"Dpto de sistemas\",\"facultad\":null,\"unidad_id\":25,\"created_at\":\"2021-05-24 11:15:13\",\"updated_at\":\"2021-05-24 11:15:13\"}}','2021-07-07 13:55:17','2021-07-07 13:55:17'),(268,'usuario','deleted',50,'App\\Models\\User',24,'App\\Models\\User','{\"ip\":\"10.101.182.164\",\"user\":{\"id\":24,\"name\":\"Nelzon\",\"lastname\":\"Zuna Huanca\",\"email\":\"nelzon777@gmail.com\",\"cellphone\":\"65412333\",\"rol\":\"Administrador del Sistema\",\"unidaddegasto\":\"Dpto de sistemas\",\"facultad\":null,\"unidad_id\":25,\"created_at\":\"2021-05-24 11:15:13\",\"updated_at\":\"2021-05-24 11:15:13\"}}','2021-07-07 13:55:31','2021-07-07 13:55:31'),(269,'usuario','deleted',51,'App\\Models\\User',24,'App\\Models\\User','{\"ip\":\"10.101.182.164\",\"user\":{\"id\":24,\"name\":\"Nelzon\",\"lastname\":\"Zuna Huanca\",\"email\":\"nelzon777@gmail.com\",\"cellphone\":\"65412333\",\"rol\":\"Administrador del Sistema\",\"unidaddegasto\":\"Dpto de sistemas\",\"facultad\":null,\"unidad_id\":25,\"created_at\":\"2021-05-24 11:15:13\",\"updated_at\":\"2021-05-24 11:15:13\"}}','2021-07-07 13:55:35','2021-07-07 13:55:35'),(270,'usuario','created',56,'App\\Models\\User',24,'App\\Models\\User','{\"ip\":\"10.30.65.243\",\"user\":{\"id\":24,\"name\":\"Nelzon\",\"lastname\":\"Zuna Huanca\",\"email\":\"nelzon777@gmail.com\",\"cellphone\":\"65412333\",\"rol\":\"Administrador del Sistema\",\"unidaddegasto\":\"Dpto de sistemas\",\"facultad\":null,\"unidad_id\":25,\"created_at\":\"2021-05-24 11:15:13\",\"updated_at\":\"2021-05-24 11:15:13\"}}','2021-07-07 14:10:53','2021-07-07 14:10:53'),(271,'rol','updated',3,'App\\Models\\Rol',24,'App\\Models\\User','{\"ip\":\"10.30.65.243\",\"user\":{\"id\":24,\"name\":\"Nelzon\",\"lastname\":\"Zuna Huanca\",\"email\":\"nelzon777@gmail.com\",\"cellphone\":\"65412333\",\"rol\":\"Administrador del Sistema\",\"unidaddegasto\":\"Dpto de sistemas\",\"facultad\":null,\"unidad_id\":25,\"created_at\":\"2021-05-24 11:15:13\",\"updated_at\":\"2021-05-24 11:15:13\"}}','2021-07-07 14:11:18','2021-07-07 14:11:18'),(272,'rol','created',34,'App\\Models\\Rol',24,'App\\Models\\User','{\"ip\":\"10.30.201.120\",\"user\":{\"id\":24,\"name\":\"Nelzon\",\"lastname\":\"Zuna Huanca\",\"email\":\"nelzon777@gmail.com\",\"cellphone\":\"65412333\",\"rol\":\"Administrador del Sistema\",\"unidaddegasto\":\"Dpto de sistemas\",\"facultad\":null,\"unidad_id\":25,\"created_at\":\"2021-05-24 11:15:13\",\"updated_at\":\"2021-05-24 11:15:13\"}}','2021-07-07 14:11:51','2021-07-07 14:11:51'),(273,'usuario','created',59,'App\\Models\\User',24,'App\\Models\\User','{\"ip\":\"10.30.201.120\",\"user\":{\"id\":24,\"name\":\"Nelzon\",\"lastname\":\"Zuna Huanca\",\"email\":\"nelzon777@gmail.com\",\"cellphone\":\"65412333\",\"rol\":\"Administrador del Sistema\",\"unidaddegasto\":\"Dpto de sistemas\",\"facultad\":null,\"unidad_id\":25,\"created_at\":\"2021-05-24 11:15:13\",\"updated_at\":\"2021-05-24 11:15:13\"}}','2021-07-07 14:14:35','2021-07-07 14:14:35'),(274,'usuario','created',60,'App\\Models\\User',24,'App\\Models\\User','{\"ip\":\"10.99.228.79\",\"user\":{\"id\":24,\"name\":\"Nelzon\",\"lastname\":\"Zuna Huanca\",\"email\":\"nelzon777@gmail.com\",\"cellphone\":\"65412333\",\"rol\":\"Administrador del Sistema\",\"unidaddegasto\":\"Dpto de sistemas\",\"facultad\":null,\"unidad_id\":25,\"created_at\":\"2021-05-24 11:15:13\",\"updated_at\":\"2021-05-24 11:15:13\"}}','2021-07-07 14:28:18','2021-07-07 14:28:18'),(275,'usuario','deleted',56,'App\\Models\\User',24,'App\\Models\\User','{\"ip\":\"10.63.169.135\",\"user\":{\"id\":24,\"name\":\"Nelzon\",\"lastname\":\"Zuna Huanca\",\"email\":\"nelzon777@gmail.com\",\"cellphone\":\"65412333\",\"rol\":\"Administrador del Sistema\",\"unidaddegasto\":\"Dpto de sistemas\",\"facultad\":null,\"unidad_id\":25,\"created_at\":\"2021-05-24 11:15:13\",\"updated_at\":\"2021-05-24 11:15:13\"}}','2021-07-07 14:28:31','2021-07-07 14:28:31'),(276,'usuario','deleted',58,'App\\Models\\User',24,'App\\Models\\User','{\"ip\":\"10.63.169.135\",\"user\":{\"id\":24,\"name\":\"Nelzon\",\"lastname\":\"Zuna Huanca\",\"email\":\"nelzon777@gmail.com\",\"cellphone\":\"65412333\",\"rol\":\"Administrador del Sistema\",\"unidaddegasto\":\"Dpto de sistemas\",\"facultad\":null,\"unidad_id\":25,\"created_at\":\"2021-05-24 11:15:13\",\"updated_at\":\"2021-05-24 11:15:13\"}}','2021-07-07 14:28:40','2021-07-07 14:28:40'),(277,'usuario','deleted',60,'App\\Models\\User',24,'App\\Models\\User','{\"ip\":\"10.63.41.14\",\"user\":{\"id\":24,\"name\":\"Nelzon\",\"lastname\":\"Zuna Huanca\",\"email\":\"nelzon777@gmail.com\",\"cellphone\":\"65412333\",\"rol\":\"Administrador del Sistema\",\"unidaddegasto\":\"Dpto de sistemas\",\"facultad\":null,\"unidad_id\":25,\"created_at\":\"2021-05-24 11:15:13\",\"updated_at\":\"2021-05-24 11:15:13\"}}','2021-07-07 14:30:47','2021-07-07 14:30:47'),(278,'usuario','deleted',57,'App\\Models\\User',24,'App\\Models\\User','{\"ip\":\"10.63.41.14\",\"user\":{\"id\":24,\"name\":\"Nelzon\",\"lastname\":\"Zuna Huanca\",\"email\":\"nelzon777@gmail.com\",\"cellphone\":\"65412333\",\"rol\":\"Administrador del Sistema\",\"unidaddegasto\":\"Dpto de sistemas\",\"facultad\":null,\"unidad_id\":25,\"created_at\":\"2021-05-24 11:15:13\",\"updated_at\":\"2021-05-24 11:15:13\"}}','2021-07-07 14:31:17','2021-07-07 14:31:17'),(279,'usuario','deleted',59,'App\\Models\\User',24,'App\\Models\\User','{\"ip\":\"10.63.41.14\",\"user\":{\"id\":24,\"name\":\"Nelzon\",\"lastname\":\"Zuna Huanca\",\"email\":\"nelzon777@gmail.com\",\"cellphone\":\"65412333\",\"rol\":\"Administrador del Sistema\",\"unidaddegasto\":\"Dpto de sistemas\",\"facultad\":null,\"unidad_id\":25,\"created_at\":\"2021-05-24 11:15:13\",\"updated_at\":\"2021-05-24 11:15:13\"}}','2021-07-07 14:32:11','2021-07-07 14:32:11'),(280,'usuario','created',61,'App\\Models\\User',24,'App\\Models\\User','{\"ip\":\"10.16.218.30\",\"user\":{\"id\":24,\"name\":\"Nelzon\",\"lastname\":\"Zuna Huanca\",\"email\":\"nelzon777@gmail.com\",\"cellphone\":\"65412333\",\"rol\":\"Administrador del Sistema\",\"unidaddegasto\":\"Dpto de sistemas\",\"facultad\":null,\"unidad_id\":25,\"created_at\":\"2021-05-24 11:15:13\",\"updated_at\":\"2021-05-24 11:15:13\"}}','2021-07-07 14:35:34','2021-07-07 14:35:34'),(281,'usuario','deleted',61,'App\\Models\\User',24,'App\\Models\\User','{\"ip\":\"10.16.218.30\",\"user\":{\"id\":24,\"name\":\"Nelzon\",\"lastname\":\"Zuna Huanca\",\"email\":\"nelzon777@gmail.com\",\"cellphone\":\"65412333\",\"rol\":\"Administrador del Sistema\",\"unidaddegasto\":\"Dpto de sistemas\",\"facultad\":null,\"unidad_id\":25,\"created_at\":\"2021-05-24 11:15:13\",\"updated_at\":\"2021-05-24 11:15:13\"}}','2021-07-07 14:35:57','2021-07-07 14:35:57'),(282,'solicitudes','created',60,'App\\Models\\Unidad',24,'App\\Models\\User','{\"ip\":\"10.69.60.167\",\"user\":{\"id\":24,\"name\":\"Nelzon\",\"lastname\":\"Zuna Huanca\",\"email\":\"nelzon777@gmail.com\",\"cellphone\":\"65412333\",\"rol\":\"Administrador del Sistema\",\"unidaddegasto\":\"Dpto de sistemas\",\"facultad\":null,\"unidad_id\":25,\"created_at\":\"2021-05-24 11:15:13\",\"updated_at\":\"2021-05-24 11:15:13\"}}','2021-07-07 15:18:24','2021-07-07 15:18:24'),(283,'presupuesto','created',58,'App\\Models\\PresupuestoUnidad',15,'App\\Models\\User','{\"ip\":\"10.31.89.92\",\"user\":{\"id\":15,\"name\":\"Armando\",\"lastname\":\"Paredes Pisos\",\"email\":\"aparedes@gmail.com\",\"cellphone\":\"66666666\",\"rol\":\"Administrador del sistema\",\"unidaddegasto\":\"Dpto. de Matematicas\",\"facultad\":\"Fac. Ciencias y Tecnolog\\u00eda\",\"unidad_id\":13,\"created_at\":\"2021-05-20 13:50:27\",\"updated_at\":\"2021-06-17 10:16:45\"}}','2021-07-07 15:42:24','2021-07-07 15:42:24'),(284,'usuario','created',62,'App\\Models\\User',24,'App\\Models\\User','{\"ip\":\"10.51.200.88\",\"user\":{\"id\":24,\"name\":\"Nelzon\",\"lastname\":\"Zuna Huanca\",\"email\":\"nelzon777@gmail.com\",\"cellphone\":\"65412333\",\"rol\":\"Administrador del Sistema\",\"unidaddegasto\":\"Dpto de sistemas\",\"facultad\":null,\"unidad_id\":25,\"created_at\":\"2021-05-24 11:15:13\",\"updated_at\":\"2021-05-24 11:15:13\"}}','2021-07-07 15:43:05','2021-07-07 15:43:05'),(285,'usuario','updated',62,'App\\Models\\User',24,'App\\Models\\User','{\"ip\":\"10.41.150.123\",\"user\":{\"id\":24,\"name\":\"Nelzon\",\"lastname\":\"Zuna Huanca\",\"email\":\"nelzon777@gmail.com\",\"cellphone\":\"65412333\",\"rol\":\"Administrador del Sistema\",\"unidaddegasto\":\"Dpto de sistemas\",\"facultad\":null,\"unidad_id\":25,\"created_at\":\"2021-05-24 11:15:13\",\"updated_at\":\"2021-05-24 11:15:13\"}}','2021-07-07 15:46:20','2021-07-07 15:46:20'),(286,'unidad','updated',25,'App\\Models\\Unidad',24,'App\\Models\\User','{\"ip\":\"10.65.93.89\",\"user\":{\"id\":24,\"name\":\"Nelzon\",\"lastname\":\"Zuna Huanca\",\"email\":\"nelzon777@gmail.com\",\"cellphone\":\"65412333\",\"rol\":\"Administrador del Sistema\",\"unidaddegasto\":\"Dpto de sistemas\",\"facultad\":null,\"unidad_id\":25,\"created_at\":\"2021-05-24 11:15:13\",\"updated_at\":\"2021-05-24 11:15:13\"}}','2021-07-07 15:52:27','2021-07-07 15:52:27'),(287,'usuario','updated',62,'App\\Models\\User',24,'App\\Models\\User','{\"ip\":\"10.30.9.123\",\"user\":{\"id\":24,\"name\":\"Nelzon\",\"lastname\":\"Zuna Huanca\",\"email\":\"nelzon777@gmail.com\",\"cellphone\":\"65412333\",\"rol\":\"Administrador del Sistema\",\"unidaddegasto\":\"Dpto de sistemas\",\"facultad\":null,\"unidad_id\":25,\"created_at\":\"2021-05-24 11:15:13\",\"updated_at\":\"2021-05-24 11:15:13\"}}','2021-07-07 15:59:04','2021-07-07 15:59:04'),(288,'usuario','updated',62,'App\\Models\\User',24,'App\\Models\\User','{\"ip\":\"10.30.9.123\",\"user\":{\"id\":24,\"name\":\"Nelzon\",\"lastname\":\"Zuna Huanca\",\"email\":\"nelzon777@gmail.com\",\"cellphone\":\"65412333\",\"rol\":\"Administrador del Sistema\",\"unidaddegasto\":\"Dpto de sistemas\",\"facultad\":null,\"unidad_id\":25,\"created_at\":\"2021-05-24 11:15:13\",\"updated_at\":\"2021-05-24 11:15:13\"}}','2021-07-07 15:59:21','2021-07-07 15:59:21'),(289,'usuario','updated',62,'App\\Models\\User',24,'App\\Models\\User','{\"ip\":\"10.31.110.160\",\"user\":{\"id\":24,\"name\":\"Nelzon\",\"lastname\":\"Zuna Huanca\",\"email\":\"nelzon777@gmail.com\",\"cellphone\":\"65412333\",\"rol\":\"Administrador del Sistema\",\"unidaddegasto\":\"Dpto de sistemas\",\"facultad\":null,\"unidad_id\":25,\"created_at\":\"2021-05-24 11:15:13\",\"updated_at\":\"2021-05-24 11:15:13\"}}','2021-07-07 16:00:21','2021-07-07 16:00:21'),(290,'rol','updated',3,'App\\Models\\Rol',24,'App\\Models\\User','{\"ip\":\"10.31.110.160\",\"user\":{\"id\":24,\"name\":\"Nelzon\",\"lastname\":\"Zuna Huanca\",\"email\":\"nelzon777@gmail.com\",\"cellphone\":\"65412333\",\"rol\":\"Administrador del Sistema\",\"unidaddegasto\":\"Dpto de sistemas\",\"facultad\":null,\"unidad_id\":25,\"created_at\":\"2021-05-24 11:15:13\",\"updated_at\":\"2021-05-24 11:15:13\"}}','2021-07-07 16:00:40','2021-07-07 16:00:40'),(291,'presupuesto','updated',NULL,NULL,24,'App\\Models\\User','{\"ip\":\"10.31.110.160\",\"user\":{\"id\":24,\"name\":\"Nelzon\",\"lastname\":\"Zuna Huanca\",\"email\":\"nelzon777@gmail.com\",\"cellphone\":\"65412333\",\"rol\":\"Administrador del Sistema\",\"unidaddegasto\":\"Dpto de sistemas\",\"facultad\":null,\"unidad_id\":25,\"created_at\":\"2021-05-24 11:15:13\",\"updated_at\":\"2021-05-24 11:15:13\"}}','2021-07-07 16:01:12','2021-07-07 16:01:12'),(292,'usuario','updated',62,'App\\Models\\User',24,'App\\Models\\User','{\"ip\":\"10.41.181.68\",\"user\":{\"id\":24,\"name\":\"Nelzon\",\"lastname\":\"Zuna Huanca\",\"email\":\"nelzon777@gmail.com\",\"cellphone\":\"65412333\",\"rol\":\"Administrador del Sistema\",\"unidaddegasto\":\"Dpto de sistemas\",\"facultad\":null,\"unidad_id\":25,\"created_at\":\"2021-05-24 11:15:13\",\"updated_at\":\"2021-05-24 11:15:13\"}}','2021-07-07 16:01:40','2021-07-07 16:01:40'),(293,'usuario','updated',62,'App\\Models\\User',24,'App\\Models\\User','{\"ip\":\"10.41.181.68\",\"user\":{\"id\":24,\"name\":\"Nelzon\",\"lastname\":\"Zuna Huanca\",\"email\":\"nelzon777@gmail.com\",\"cellphone\":\"65412333\",\"rol\":\"Administrador del Sistema\",\"unidaddegasto\":\"Dpto de sistemas\",\"facultad\":null,\"unidad_id\":25,\"created_at\":\"2021-05-24 11:15:13\",\"updated_at\":\"2021-05-24 11:15:13\"}}','2021-07-07 16:01:49','2021-07-07 16:01:49'),(294,'usuario','updated',62,'App\\Models\\User',24,'App\\Models\\User','{\"ip\":\"10.41.181.68\",\"user\":{\"id\":24,\"name\":\"Nelzon\",\"lastname\":\"Zuna Huanca\",\"email\":\"nelzon777@gmail.com\",\"cellphone\":\"65412333\",\"rol\":\"Administrador del Sistema\",\"unidaddegasto\":\"Dpto de sistemas\",\"facultad\":null,\"unidad_id\":25,\"created_at\":\"2021-05-24 11:15:13\",\"updated_at\":\"2021-05-24 11:15:13\"}}','2021-07-07 16:02:03','2021-07-07 16:02:03'),(295,'usuario','updated',62,'App\\Models\\User',24,'App\\Models\\User','{\"ip\":\"10.41.181.68\",\"user\":{\"id\":24,\"name\":\"Nelzon\",\"lastname\":\"Zuna Huanca\",\"email\":\"nelzon777@gmail.com\",\"cellphone\":\"65412333\",\"rol\":\"Administrador del Sistema\",\"unidaddegasto\":\"Dpto de sistemas\",\"facultad\":null,\"unidad_id\":25,\"created_at\":\"2021-05-24 11:15:13\",\"updated_at\":\"2021-05-24 11:15:13\"}}','2021-07-07 16:02:13','2021-07-07 16:02:13'),(296,'usuario','updated',62,'App\\Models\\User',24,'App\\Models\\User','{\"ip\":\"10.33.255.116\",\"user\":{\"id\":24,\"name\":\"Nelzon\",\"lastname\":\"Zuna Huanca\",\"email\":\"nelzon777@gmail.com\",\"cellphone\":\"65412333\",\"rol\":\"Administrador del Sistema\",\"unidaddegasto\":\"Dpto de sistemas\",\"facultad\":null,\"unidad_id\":25,\"created_at\":\"2021-05-24 11:15:13\",\"updated_at\":\"2021-05-24 11:15:13\"}}','2021-07-07 16:02:14','2021-07-07 16:02:14'),(297,'usuario','updated',62,'App\\Models\\User',24,'App\\Models\\User','{\"ip\":\"10.65.82.177\",\"user\":{\"id\":24,\"name\":\"Nelzon\",\"lastname\":\"Zuna Huanca\",\"email\":\"nelzon777@gmail.com\",\"cellphone\":\"65412333\",\"rol\":\"Administrador del Sistema\",\"unidaddegasto\":\"Dpto de sistemas\",\"facultad\":null,\"unidad_id\":25,\"created_at\":\"2021-05-24 11:15:13\",\"updated_at\":\"2021-05-24 11:15:13\"}}','2021-07-07 16:09:55','2021-07-07 16:09:55'),(298,'usuario','updated',7,'App\\Models\\User',24,'App\\Models\\User','{\"ip\":\"10.45.246.133\",\"user\":{\"id\":24,\"name\":\"Nelzon\",\"lastname\":\"Zuna Huanca\",\"email\":\"nelzon777@gmail.com\",\"cellphone\":\"65412333\",\"rol\":\"Administrador del Sistema\",\"unidaddegasto\":\"\",\"facultad\":null,\"unidad_id\":25,\"created_at\":\"2021-05-24 11:15:13\",\"updated_at\":\"2021-05-24 11:15:13\"}}','2021-07-07 17:21:18','2021-07-07 17:21:18'),(299,'usuario','updated',7,'App\\Models\\User',24,'App\\Models\\User','{\"ip\":\"10.31.78.54\",\"user\":{\"id\":24,\"name\":\"Nelzon\",\"lastname\":\"Zuna Huanca\",\"email\":\"nelzon777@gmail.com\",\"cellphone\":\"65412333\",\"rol\":\"Administrador del Sistema\",\"unidaddegasto\":\"\",\"facultad\":null,\"unidad_id\":25,\"created_at\":\"2021-05-24 11:15:13\",\"updated_at\":\"2021-05-24 11:15:13\"}}','2021-07-07 17:25:55','2021-07-07 17:25:55'),(300,'solicitudes','created',61,'App\\Models\\Unidad',24,'App\\Models\\User','{\"ip\":\"10.31.78.54\",\"user\":{\"id\":24,\"name\":\"Nelzon\",\"lastname\":\"Zuna Huanca\",\"email\":\"nelzon777@gmail.com\",\"cellphone\":\"65412333\",\"rol\":\"Administrador del Sistema\",\"unidaddegasto\":\"\",\"facultad\":null,\"unidad_id\":25,\"created_at\":\"2021-05-24 11:15:13\",\"updated_at\":\"2021-05-24 11:15:13\"}}','2021-07-07 17:26:39','2021-07-07 17:26:39'),(301,'usuario','updated',62,'App\\Models\\User',24,'App\\Models\\User','{\"ip\":\"10.41.182.161\",\"user\":{\"id\":24,\"name\":\"Nelzon\",\"lastname\":\"Zuna Huanca\",\"email\":\"nelzon777@gmail.com\",\"cellphone\":\"65412333\",\"rol\":\"Administrador del Sistema\",\"unidaddegasto\":\"\",\"facultad\":null,\"unidad_id\":25,\"created_at\":\"2021-05-24 11:15:13\",\"updated_at\":\"2021-05-24 11:15:13\"}}','2021-07-07 17:26:57','2021-07-07 17:26:57'),(302,'rol','created',35,'App\\Models\\Rol',24,'App\\Models\\User','{\"ip\":\"10.61.168.5\",\"user\":{\"id\":24,\"name\":\"Nelzon\",\"lastname\":\"Zuna Huanca\",\"email\":\"nelzon777@gmail.com\",\"cellphone\":\"65412333\",\"rol\":\"Administrador del Sistema\",\"unidaddegasto\":\"\",\"facultad\":null,\"unidad_id\":25,\"created_at\":\"2021-05-24 11:15:13\",\"updated_at\":\"2021-05-24 11:15:13\"}}','2021-07-07 17:28:38','2021-07-07 17:28:38'),(303,'usuario','updated',62,'App\\Models\\User',24,'App\\Models\\User','{\"ip\":\"10.30.66.165\",\"user\":{\"id\":24,\"name\":\"Nelzon\",\"lastname\":\"Zuna Huanca\",\"email\":\"nelzon777@gmail.com\",\"cellphone\":\"65412333\",\"rol\":\"Administrador del Sistema\",\"unidaddegasto\":\"\",\"facultad\":null,\"unidad_id\":25,\"created_at\":\"2021-05-24 11:15:13\",\"updated_at\":\"2021-05-24 11:15:13\"}}','2021-07-07 17:28:56','2021-07-07 17:28:56'),(304,'solicitudes','created',62,'App\\Models\\Unidad',24,'App\\Models\\User','{\"ip\":\"10.30.66.165\",\"user\":{\"id\":24,\"name\":\"Nelzon\",\"lastname\":\"Zuna Huanca\",\"email\":\"nelzon777@gmail.com\",\"cellphone\":\"65412333\",\"rol\":\"Administrador del Sistema\",\"unidaddegasto\":\"\",\"facultad\":null,\"unidad_id\":25,\"created_at\":\"2021-05-24 11:15:13\",\"updated_at\":\"2021-05-24 11:15:13\"}}','2021-07-07 17:29:59','2021-07-07 17:29:59'),(305,'usuario','updated',62,'App\\Models\\User',24,'App\\Models\\User','{\"ip\":\"10.63.55.157\",\"user\":{\"id\":24,\"name\":\"Nelzon\",\"lastname\":\"Zuna Huanca\",\"email\":\"nelzon777@gmail.com\",\"cellphone\":\"65412333\",\"rol\":\"Administrador del Sistema\",\"unidaddegasto\":\"\",\"facultad\":null,\"unidad_id\":25,\"created_at\":\"2021-05-24 11:15:13\",\"updated_at\":\"2021-05-24 11:15:13\"}}','2021-07-07 17:30:21','2021-07-07 17:30:21'),(306,'usuario','updated',17,'App\\Models\\User',24,'App\\Models\\User','{\"ip\":\"10.63.122.84\",\"user\":{\"id\":24,\"name\":\"Nelzon\",\"lastname\":\"Zuna Huanca\",\"email\":\"nelzon777@gmail.com\",\"cellphone\":\"65412333\",\"rol\":\"Administrador del Sistema\",\"unidaddegasto\":\"\",\"facultad\":null,\"unidad_id\":25,\"created_at\":\"2021-05-24 11:15:13\",\"updated_at\":\"2021-05-24 11:15:13\"}}','2021-07-07 17:41:18','2021-07-07 17:41:18'),(307,'usuario','updated',62,'App\\Models\\User',24,'App\\Models\\User','{\"ip\":\"10.102.247.55\",\"user\":{\"id\":24,\"name\":\"Nelzon\",\"lastname\":\"Zuna Huanca\",\"email\":\"nelzon777@gmail.com\",\"cellphone\":\"65412333\",\"rol\":\"Administrador del sistema\",\"unidaddegasto\":\"Ninguno\",\"facultad\":null,\"unidad_id\":25,\"created_at\":\"2021-05-24 11:15:13\",\"updated_at\":\"2021-05-24 11:15:13\"}}','2021-07-07 17:45:47','2021-07-07 17:45:47'),(308,'rol','deleted',35,'App\\Models\\Rol',24,'App\\Models\\User','{\"ip\":\"10.47.223.100\",\"user\":{\"id\":24,\"name\":\"Nelzon\",\"lastname\":\"Zuna Huanca\",\"email\":\"nelzon777@gmail.com\",\"cellphone\":\"65412333\",\"rol\":\"Administrador del sistema\",\"unidaddegasto\":\"Ninguno\",\"facultad\":null,\"unidad_id\":25,\"created_at\":\"2021-05-24 11:15:13\",\"updated_at\":\"2021-05-24 11:15:13\"}}','2021-07-07 17:50:14','2021-07-07 17:50:14'),(309,'usuario','updated',3,'App\\Models\\User',24,'App\\Models\\User','{\"ip\":\"10.87.5.162\",\"user\":{\"id\":24,\"name\":\"Nelzon\",\"lastname\":\"Zuna Huanca\",\"email\":\"nelzon777@gmail.com\",\"cellphone\":\"65412333\",\"rol\":\"Administrador del sistema\",\"unidaddegasto\":\"Ninguno\",\"facultad\":null,\"unidad_id\":25,\"created_at\":\"2021-05-24 11:15:13\",\"updated_at\":\"2021-05-24 11:15:13\"}}','2021-07-07 17:56:50','2021-07-07 17:56:50'),(310,'usuario','updated',4,'App\\Models\\User',24,'App\\Models\\User','{\"ip\":\"10.30.66.204\",\"user\":{\"id\":24,\"name\":\"Nelzon\",\"lastname\":\"Zuna Huanca\",\"email\":\"nelzon777@gmail.com\",\"cellphone\":\"65412333\",\"rol\":\"Administrador del sistema\",\"unidaddegasto\":\"Ninguno\",\"facultad\":null,\"unidad_id\":25,\"created_at\":\"2021-05-24 11:15:13\",\"updated_at\":\"2021-05-24 11:15:13\"}}','2021-07-07 17:57:07','2021-07-07 17:57:07'),(311,'usuario','updated',15,'App\\Models\\User',24,'App\\Models\\User','{\"ip\":\"10.30.66.204\",\"user\":{\"id\":24,\"name\":\"Nelzon\",\"lastname\":\"Zuna Huanca\",\"email\":\"nelzon777@gmail.com\",\"cellphone\":\"65412333\",\"rol\":\"Administrador del sistema\",\"unidaddegasto\":\"Ninguno\",\"facultad\":null,\"unidad_id\":25,\"created_at\":\"2021-05-24 11:15:13\",\"updated_at\":\"2021-05-24 11:15:13\"}}','2021-07-07 17:57:42','2021-07-07 17:57:42'),(312,'usuario','updated',24,'App\\Models\\User',24,'App\\Models\\User','{\"ip\":\"10.30.66.204\",\"user\":{\"id\":24,\"name\":\"Nelzon\",\"lastname\":\"Zuna Huanca\",\"email\":\"nelzon777@gmail.com\",\"cellphone\":\"65412333\",\"rol\":\"Administrador del sistema\",\"unidaddegasto\":\"Dpto. Informatica y Sistemas\",\"facultad\":null,\"unidad_id\":5,\"created_at\":\"2021-05-24 11:15:13\",\"updated_at\":\"2021-07-07 17:58:01\"}}','2021-07-07 17:58:01','2021-07-07 17:58:01'),(313,'solicitudes','created',63,'App\\Models\\Unidad',4,'App\\Models\\User','{\"ip\":\"127.0.0.1\",\"user\":{\"id\":4,\"name\":\"Enrrique\",\"lastname\":\"Vallejos\",\"email\":\"enrrique777@gmail.com\",\"cellphone\":\"76997476\",\"rol\":\"Administrador del sistema\",\"unidaddegasto\":\"Dpto. Informatica y Sistemas\",\"facultad\":\"\",\"unidad_id\":5,\"created_at\":\"2021-05-11 23:27:42\",\"updated_at\":\"2021-07-07 17:57:07\"}}','2021-07-07 19:02:54','2021-07-07 19:02:54'),(314,'unidad','deleted',61,'App\\Models\\Unidad',4,'App\\Models\\User','{\"ip\":\"10.11.176.31\",\"user\":{\"id\":4,\"name\":\"Enrrique\",\"lastname\":\"Vallejos\",\"email\":\"enrrique777@gmail.com\",\"cellphone\":\"76997476\",\"rol\":\"Administrador del sistema\",\"unidaddegasto\":\"Dpto. Informatica y Sistemas\",\"facultad\":\"\",\"unidad_id\":5,\"created_at\":\"2021-05-11 23:27:42\",\"updated_at\":\"2021-07-07 17:57:07\"}}','2021-07-07 19:09:35','2021-07-07 19:09:35'),(315,'unidad','deleted',63,'App\\Models\\Unidad',4,'App\\Models\\User','{\"ip\":\"10.11.176.31\",\"user\":{\"id\":4,\"name\":\"Enrrique\",\"lastname\":\"Vallejos\",\"email\":\"enrrique777@gmail.com\",\"cellphone\":\"76997476\",\"rol\":\"Administrador del sistema\",\"unidaddegasto\":\"Dpto. Informatica y Sistemas\",\"facultad\":\"\",\"unidad_id\":5,\"created_at\":\"2021-05-11 23:27:42\",\"updated_at\":\"2021-07-07 17:57:07\"}}','2021-07-07 19:09:40','2021-07-07 19:09:40'),(316,'unidad','updated',62,'App\\Models\\Unidad',4,'App\\Models\\User','{\"ip\":\"127.0.0.1\",\"user\":{\"id\":4,\"name\":\"Enrrique\",\"lastname\":\"Vallejos\",\"email\":\"enrrique777@gmail.com\",\"cellphone\":\"76997476\",\"rol\":\"Administrador del sistema\",\"unidaddegasto\":\"Dpto. Informatica y Sistemas\",\"facultad\":\"\",\"unidad_id\":5,\"created_at\":\"2021-05-11 23:27:42\",\"updated_at\":\"2021-07-07 17:57:07\"}}','2021-07-07 19:17:07','2021-07-07 19:17:07'),(317,'unidad','updated',62,'App\\Models\\Unidad',4,'App\\Models\\User','{\"ip\":\"127.0.0.1\",\"user\":{\"id\":4,\"name\":\"Enrrique\",\"lastname\":\"Vallejos\",\"email\":\"enrrique777@gmail.com\",\"cellphone\":\"76997476\",\"rol\":\"Administrador del sistema\",\"unidaddegasto\":\"Dpto. Informatica y Sistemas\",\"facultad\":\"\",\"unidad_id\":5,\"created_at\":\"2021-05-11 23:27:42\",\"updated_at\":\"2021-07-07 17:57:07\"}}','2021-07-07 19:17:24','2021-07-07 19:17:24'),(318,'unidad','updated',62,'App\\Models\\Unidad',4,'App\\Models\\User','{\"ip\":\"127.0.0.1\",\"user\":{\"id\":4,\"name\":\"Enrrique\",\"lastname\":\"Vallejos\",\"email\":\"enrrique777@gmail.com\",\"cellphone\":\"76997476\",\"rol\":\"Administrador del sistema\",\"unidaddegasto\":\"Dpto. Informatica y Sistemas\",\"facultad\":\"\",\"unidad_id\":5,\"created_at\":\"2021-05-11 23:27:42\",\"updated_at\":\"2021-07-07 17:57:07\"}}','2021-07-07 19:17:47','2021-07-07 19:17:47'),(319,'solicitudes','created',65,'App\\Models\\Unidad',4,'App\\Models\\User','{\"ip\":\"127.0.0.1\",\"user\":{\"id\":4,\"name\":\"Enrrique\",\"lastname\":\"Vallejos\",\"email\":\"enrrique777@gmail.com\",\"cellphone\":\"76997476\",\"rol\":\"Administrador del sistema\",\"unidaddegasto\":\"Dpto. Informatica y Sistemas\",\"facultad\":\"\",\"unidad_id\":5,\"created_at\":\"2021-05-11 23:27:42\",\"updated_at\":\"2021-07-07 17:57:07\"}}','2021-07-07 20:06:46','2021-07-07 20:06:46'),(320,'solicitudes','created',66,'App\\Models\\Unidad',4,'App\\Models\\User','{\"ip\":\"127.0.0.1\",\"user\":{\"id\":4,\"name\":\"Enrrique\",\"lastname\":\"Vallejos\",\"email\":\"enrrique777@gmail.com\",\"cellphone\":\"76997476\",\"rol\":\"Administrador del sistema\",\"unidaddegasto\":\"Dpto. Informatica y Sistemas\",\"facultad\":\"\",\"unidad_id\":5,\"created_at\":\"2021-05-11 23:27:42\",\"updated_at\":\"2021-07-07 17:57:07\"}}','2021-07-07 20:09:02','2021-07-07 20:09:02'),(321,'itemscotizados','created',70,'App\\Models\\ItemSuperior',4,'App\\Models\\User','{\"ip\":\"10.61.241.35\",\"user\":{\"id\":4,\"name\":\"Enrrique\",\"lastname\":\"Vallejos\",\"email\":\"enrrique777@gmail.com\",\"cellphone\":\"76997476\",\"rol\":\"Administrador del sistema\",\"unidaddegasto\":\"Dpto. Informatica y Sistemas\",\"facultad\":\"\",\"unidad_id\":5,\"created_at\":\"2021-05-11 23:27:42\",\"updated_at\":\"2021-07-07 17:57:07\"}}','2021-07-07 20:22:37','2021-07-07 20:22:37'),(322,'items','created',68,'App\\Models\\Item',4,'App\\Models\\User','{\"ip\":\"10.30.65.243\",\"user\":{\"id\":4,\"name\":\"Enrrique\",\"lastname\":\"Vallejos\",\"email\":\"enrrique777@gmail.com\",\"cellphone\":\"76997476\",\"rol\":\"Administrador del sistema\",\"unidaddegasto\":\"Dpto. Informatica y Sistemas\",\"facultad\":\"\",\"unidad_id\":5,\"created_at\":\"2021-05-11 23:27:42\",\"updated_at\":\"2021-07-07 17:57:07\"}}','2021-07-07 20:27:45','2021-07-07 20:27:45'),(323,'itemscotizados','created',72,'App\\Models\\ItemSuperior',4,'App\\Models\\User','{\"ip\":\"10.30.65.243\",\"user\":{\"id\":4,\"name\":\"Enrrique\",\"lastname\":\"Vallejos\",\"email\":\"enrrique777@gmail.com\",\"cellphone\":\"76997476\",\"rol\":\"Administrador del sistema\",\"unidaddegasto\":\"Dpto. Informatica y Sistemas\",\"facultad\":\"\",\"unidad_id\":5,\"created_at\":\"2021-05-11 23:27:42\",\"updated_at\":\"2021-07-07 17:57:07\"}}','2021-07-07 20:28:13','2021-07-07 20:28:13'),(324,'itemscotizados','created',73,'App\\Models\\ItemSuperior',4,'App\\Models\\User','{\"ip\":\"10.30.65.243\",\"user\":{\"id\":4,\"name\":\"Enrrique\",\"lastname\":\"Vallejos\",\"email\":\"enrrique777@gmail.com\",\"cellphone\":\"76997476\",\"rol\":\"Administrador del sistema\",\"unidaddegasto\":\"Dpto. Informatica y Sistemas\",\"facultad\":\"\",\"unidad_id\":5,\"created_at\":\"2021-05-11 23:27:42\",\"updated_at\":\"2021-07-07 17:57:07\"}}','2021-07-07 20:28:38','2021-07-07 20:28:38'),(325,'itemsuperior','updated',73,'App\\Models\\ItemSuperior',4,'App\\Models\\User','{\"ip\":\"10.5.196.194\",\"user\":{\"id\":4,\"name\":\"Enrrique\",\"lastname\":\"Vallejos\",\"email\":\"enrrique777@gmail.com\",\"cellphone\":\"76997476\",\"rol\":\"Administrador del sistema\",\"unidaddegasto\":\"Dpto. Informatica y Sistemas\",\"facultad\":\"\",\"unidad_id\":5,\"created_at\":\"2021-05-11 23:27:42\",\"updated_at\":\"2021-07-07 17:57:07\"}}','2021-07-07 20:32:46','2021-07-07 20:32:46'),(326,'itemsuperior','updated',73,'App\\Models\\ItemSuperior',4,'App\\Models\\User','{\"ip\":\"10.93.205.135\",\"user\":{\"id\":4,\"name\":\"Enrrique\",\"lastname\":\"Vallejos\",\"email\":\"enrrique777@gmail.com\",\"cellphone\":\"76997476\",\"rol\":\"Administrador del sistema\",\"unidaddegasto\":\"Dpto. Informatica y Sistemas\",\"facultad\":\"\",\"unidad_id\":5,\"created_at\":\"2021-05-11 23:27:42\",\"updated_at\":\"2021-07-07 17:57:07\"}}','2021-07-07 20:32:47','2021-07-07 20:32:47'),(327,'itemsuperior','updated',73,'App\\Models\\ItemSuperior',4,'App\\Models\\User','{\"ip\":\"10.93.205.135\",\"user\":{\"id\":4,\"name\":\"Enrrique\",\"lastname\":\"Vallejos\",\"email\":\"enrrique777@gmail.com\",\"cellphone\":\"76997476\",\"rol\":\"Administrador del sistema\",\"unidaddegasto\":\"Dpto. Informatica y Sistemas\",\"facultad\":\"\",\"unidad_id\":5,\"created_at\":\"2021-05-11 23:27:42\",\"updated_at\":\"2021-07-07 17:57:07\"}}','2021-07-07 20:33:06','2021-07-07 20:33:06'),(328,'empresa','created',42,'App\\Models\\Empresa',12,'App\\Models\\User','{\"ip\":\"10.5.177.43\",\"user\":{\"id\":12,\"name\":\"Carminia\",\"lastname\":\"Vallejos\",\"email\":\"carminia777@gmail.com\",\"cellphone\":\"69535465\",\"rol\":\"Cotizador\",\"unidaddegasto\":\"Dpto. Informatica y Sistemas\",\"facultad\":\"Fac. Ciencias y Tecnolog\\u00eda\",\"unidad_id\":5,\"created_at\":\"2021-05-19 18:05:43\",\"updated_at\":\"2021-05-19 18:05:43\"}}','2021-07-07 20:41:33','2021-07-07 20:41:33'),(329,'solicitudes','created',67,'App\\Models\\Unidad',4,'App\\Models\\User','{\"ip\":\"10.9.154.30\",\"user\":{\"id\":4,\"name\":\"Enrrique\",\"lastname\":\"Vallejos\",\"email\":\"enrrique777@gmail.com\",\"cellphone\":\"76997476\",\"rol\":\"Administrador del sistema\",\"unidaddegasto\":\"Dpto. Informatica y Sistemas\",\"facultad\":\"\",\"unidad_id\":5,\"created_at\":\"2021-05-11 23:27:42\",\"updated_at\":\"2021-07-07 17:57:07\"}}','2021-07-07 21:46:50','2021-07-07 21:46:50'),(330,'unidad','deleted',66,'App\\Models\\Unidad',4,'App\\Models\\User','{\"ip\":\"10.43.228.207\",\"user\":{\"id\":4,\"name\":\"Enrrique\",\"lastname\":\"Vallejos\",\"email\":\"enrrique777@gmail.com\",\"cellphone\":\"76997476\",\"rol\":\"Administrador del sistema\",\"unidaddegasto\":\"Dpto. Informatica y Sistemas\",\"facultad\":\"\",\"unidad_id\":5,\"created_at\":\"2021-05-11 23:27:42\",\"updated_at\":\"2021-07-07 17:57:07\"}}','2021-07-07 22:06:10','2021-07-07 22:06:10'),(331,'unidad','deleted',65,'App\\Models\\Unidad',4,'App\\Models\\User','{\"ip\":\"10.43.228.207\",\"user\":{\"id\":4,\"name\":\"Enrrique\",\"lastname\":\"Vallejos\",\"email\":\"enrrique777@gmail.com\",\"cellphone\":\"76997476\",\"rol\":\"Administrador del sistema\",\"unidaddegasto\":\"Dpto. Informatica y Sistemas\",\"facultad\":\"\",\"unidad_id\":5,\"created_at\":\"2021-05-11 23:27:42\",\"updated_at\":\"2021-07-07 17:57:07\"}}','2021-07-07 22:06:15','2021-07-07 22:06:15'),(332,'unidad','deleted',64,'App\\Models\\Unidad',24,'App\\Models\\User','{\"ip\":\"10.16.206.21\",\"user\":{\"id\":24,\"name\":\"Nelzon\",\"lastname\":\"Zuna Huanca\",\"email\":\"nelzon777@gmail.com\",\"cellphone\":\"65412333\",\"rol\":\"Administrador del sistema\",\"unidaddegasto\":\"Dpto. Informatica y Sistemas\",\"facultad\":null,\"unidad_id\":5,\"created_at\":\"2021-05-24 11:15:13\",\"updated_at\":\"2021-07-07 17:58:01\"}}','2021-07-07 22:17:17','2021-07-07 22:17:17'),(333,'presupuesto','updated',NULL,NULL,24,'App\\Models\\User','{\"ip\":\"10.97.246.9\",\"user\":{\"id\":24,\"name\":\"Nelzon\",\"lastname\":\"Zuna Huanca\",\"email\":\"nelzon777@gmail.com\",\"cellphone\":\"65412333\",\"rol\":\"Administrador del sistema\",\"unidaddegasto\":\"Dpto. Informatica y Sistemas\",\"facultad\":null,\"unidad_id\":5,\"created_at\":\"2021-05-24 11:15:13\",\"updated_at\":\"2021-07-07 17:58:01\"}}','2021-07-07 22:24:23','2021-07-07 22:24:23'),(334,'presupuesto','updated',NULL,NULL,24,'App\\Models\\User','{\"ip\":\"10.97.246.9\",\"user\":{\"id\":24,\"name\":\"Nelzon\",\"lastname\":\"Zuna Huanca\",\"email\":\"nelzon777@gmail.com\",\"cellphone\":\"65412333\",\"rol\":\"Administrador del sistema\",\"unidaddegasto\":\"Dpto. Informatica y Sistemas\",\"facultad\":null,\"unidad_id\":5,\"created_at\":\"2021-05-24 11:15:13\",\"updated_at\":\"2021-07-07 17:58:01\"}}','2021-07-07 22:24:49','2021-07-07 22:24:49'),(335,'presupuesto','updated',NULL,NULL,24,'App\\Models\\User','{\"ip\":\"10.81.216.163\",\"user\":{\"id\":24,\"name\":\"Nelzon\",\"lastname\":\"Zuna Huanca\",\"email\":\"nelzon777@gmail.com\",\"cellphone\":\"65412333\",\"rol\":\"Administrador del sistema\",\"unidaddegasto\":\"Dpto. Informatica y Sistemas\",\"facultad\":null,\"unidad_id\":5,\"created_at\":\"2021-05-24 11:15:13\",\"updated_at\":\"2021-07-07 17:58:01\"}}','2021-07-07 22:25:59','2021-07-07 22:25:59'),(336,'presupuesto','updated',NULL,NULL,24,'App\\Models\\User','{\"ip\":\"10.81.216.163\",\"user\":{\"id\":24,\"name\":\"Nelzon\",\"lastname\":\"Zuna Huanca\",\"email\":\"nelzon777@gmail.com\",\"cellphone\":\"65412333\",\"rol\":\"Administrador del sistema\",\"unidaddegasto\":\"Dpto. Informatica y Sistemas\",\"facultad\":null,\"unidad_id\":5,\"created_at\":\"2021-05-24 11:15:13\",\"updated_at\":\"2021-07-07 17:58:01\"}}','2021-07-07 22:26:02','2021-07-07 22:26:02'),(337,'presupuesto','updated',NULL,NULL,24,'App\\Models\\User','{\"ip\":\"10.51.242.97\",\"user\":{\"id\":24,\"name\":\"Nelzon\",\"lastname\":\"Zuna Huanca\",\"email\":\"nelzon777@gmail.com\",\"cellphone\":\"65412333\",\"rol\":\"Administrador del sistema\",\"unidaddegasto\":\"Dpto. Informatica y Sistemas\",\"facultad\":null,\"unidad_id\":5,\"created_at\":\"2021-05-24 11:15:13\",\"updated_at\":\"2021-07-07 17:58:01\"}}','2021-07-07 22:28:00','2021-07-07 22:28:00'),(338,'presupuesto','updated',NULL,NULL,24,'App\\Models\\User','{\"ip\":\"10.69.225.154\",\"user\":{\"id\":24,\"name\":\"Nelzon\",\"lastname\":\"Zuna Huanca\",\"email\":\"nelzon777@gmail.com\",\"cellphone\":\"65412333\",\"rol\":\"Administrador del sistema\",\"unidaddegasto\":\"Dpto. Informatica y Sistemas\",\"facultad\":null,\"unidad_id\":5,\"created_at\":\"2021-05-24 11:15:13\",\"updated_at\":\"2021-07-07 17:58:01\"}}','2021-07-07 22:32:22','2021-07-07 22:32:22'),(339,'presupuesto','updated',NULL,NULL,24,'App\\Models\\User','{\"ip\":\"10.63.46.182\",\"user\":{\"id\":24,\"name\":\"Nelzon\",\"lastname\":\"Zuna Huanca\",\"email\":\"nelzon777@gmail.com\",\"cellphone\":\"65412333\",\"rol\":\"Administrador del sistema\",\"unidaddegasto\":\"Dpto. Informatica y Sistemas\",\"facultad\":null,\"unidad_id\":5,\"created_at\":\"2021-05-24 11:15:13\",\"updated_at\":\"2021-07-07 17:58:01\"}}','2021-07-07 22:34:05','2021-07-07 22:34:05'),(340,'presupuesto','updated',NULL,NULL,24,'App\\Models\\User','{\"ip\":\"10.63.46.182\",\"user\":{\"id\":24,\"name\":\"Nelzon\",\"lastname\":\"Zuna Huanca\",\"email\":\"nelzon777@gmail.com\",\"cellphone\":\"65412333\",\"rol\":\"Administrador del sistema\",\"unidaddegasto\":\"Dpto. Informatica y Sistemas\",\"facultad\":null,\"unidad_id\":5,\"created_at\":\"2021-05-24 11:15:13\",\"updated_at\":\"2021-07-07 17:58:01\"}}','2021-07-07 22:34:31','2021-07-07 22:34:31'),(341,'solicitudes','created',68,'App\\Models\\Unidad',4,'App\\Models\\User','{\"ip\":\"127.0.0.1\",\"user\":{\"id\":4,\"name\":\"Enrrique\",\"lastname\":\"Vallejos\",\"email\":\"enrrique777@gmail.com\",\"cellphone\":\"76997476\",\"rol\":\"Administrador del sistema\",\"unidaddegasto\":\"Dpto. Informatica y Sistemas\",\"facultad\":\"\",\"unidad_id\":5,\"created_at\":\"2021-05-11 23:27:42\",\"updated_at\":\"2021-07-07 17:57:07\"}}','2021-07-07 22:37:34','2021-07-07 22:37:34'),(342,'unidad','updated',68,'App\\Models\\Unidad',4,'App\\Models\\User','{\"ip\":\"127.0.0.1\",\"user\":{\"id\":4,\"name\":\"Enrrique\",\"lastname\":\"Vallejos\",\"email\":\"enrrique777@gmail.com\",\"cellphone\":\"76997476\",\"rol\":\"Administrador del sistema\",\"unidaddegasto\":\"Dpto. Informatica y Sistemas\",\"facultad\":\"\",\"unidad_id\":5,\"created_at\":\"2021-05-11 23:27:42\",\"updated_at\":\"2021-07-07 17:57:07\"}}','2021-07-07 22:37:55','2021-07-07 22:37:55'),(343,'itemscotizados','created',75,'App\\Models\\ItemSuperior',4,'App\\Models\\User','{\"ip\":\"10.45.27.72\",\"user\":{\"id\":4,\"name\":\"Enrrique\",\"lastname\":\"Vallejos\",\"email\":\"enrrique777@gmail.com\",\"cellphone\":\"76997476\",\"rol\":\"Administrador del sistema\",\"unidaddegasto\":\"Dpto. Informatica y Sistemas\",\"facultad\":\"\",\"unidad_id\":5,\"created_at\":\"2021-05-11 23:27:42\",\"updated_at\":\"2021-07-07 17:57:07\"}}','2021-07-07 22:38:55','2021-07-07 22:38:55'),(344,'itemsuperior','updated',75,'App\\Models\\ItemSuperior',4,'App\\Models\\User','{\"ip\":\"10.69.60.167\",\"user\":{\"id\":4,\"name\":\"Enrrique\",\"lastname\":\"Vallejos\",\"email\":\"enrrique777@gmail.com\",\"cellphone\":\"76997476\",\"rol\":\"Administrador del sistema\",\"unidaddegasto\":\"Dpto. Informatica y Sistemas\",\"facultad\":\"\",\"unidad_id\":5,\"created_at\":\"2021-05-11 23:27:42\",\"updated_at\":\"2021-07-07 17:57:07\"}}','2021-07-07 22:39:27','2021-07-07 22:39:27'),(345,'items','created',69,'App\\Models\\Item',4,'App\\Models\\User','{\"ip\":\"10.157.140.122\",\"user\":{\"id\":4,\"name\":\"Enrrique\",\"lastname\":\"Vallejos\",\"email\":\"enrrique777@gmail.com\",\"cellphone\":\"76997476\",\"rol\":\"Administrador del sistema\",\"unidaddegasto\":\"Dpto. Informatica y Sistemas\",\"facultad\":\"\",\"unidad_id\":5,\"created_at\":\"2021-05-11 23:27:42\",\"updated_at\":\"2021-07-07 17:57:07\"}}','2021-07-07 22:40:53','2021-07-07 22:40:53'),(346,'items','created',70,'App\\Models\\Item',4,'App\\Models\\User','{\"ip\":\"10.157.140.122\",\"user\":{\"id\":4,\"name\":\"Enrrique\",\"lastname\":\"Vallejos\",\"email\":\"enrrique777@gmail.com\",\"cellphone\":\"76997476\",\"rol\":\"Administrador del sistema\",\"unidaddegasto\":\"Dpto. Informatica y Sistemas\",\"facultad\":\"\",\"unidad_id\":5,\"created_at\":\"2021-05-11 23:27:42\",\"updated_at\":\"2021-07-07 17:57:07\"}}','2021-07-07 22:41:25','2021-07-07 22:41:25'),(347,'unidad','updated',15,'App\\Models\\Unidad',4,'App\\Models\\User','{\"ip\":\"127.0.0.1\",\"user\":{\"id\":4,\"name\":\"Enrrique\",\"lastname\":\"Vallejos\",\"email\":\"enrrique777@gmail.com\",\"cellphone\":\"76997476\",\"rol\":\"Administrador del sistema\",\"unidaddegasto\":\"Dpto. Informatica y Sistemas\",\"facultad\":\"\",\"unidad_id\":5,\"created_at\":\"2021-05-11 23:27:42\",\"updated_at\":\"2021-07-07 17:57:07\"}}','2021-07-07 22:45:14','2021-07-07 22:45:14'),(348,'presupuesto','created',59,'App\\Models\\PresupuestoUnidad',15,'App\\Models\\User','{\"ip\":\"10.52.3.211\",\"user\":{\"id\":15,\"name\":\"Armando\",\"lastname\":\"Paredes Pisos\",\"email\":\"aparedes@gmail.com\",\"cellphone\":\"66666666\",\"rol\":\"Administrador del sistema\",\"unidaddegasto\":\"Dpto. Informatica y Sistemas\",\"facultad\":\"\",\"unidad_id\":5,\"created_at\":\"2021-05-20 13:50:27\",\"updated_at\":\"2021-07-07 17:57:42\"}}','2021-07-08 10:17:42','2021-07-08 10:17:42'),(349,'presupuesto','created',60,'App\\Models\\PresupuestoUnidad',15,'App\\Models\\User','{\"ip\":\"10.52.3.211\",\"user\":{\"id\":15,\"name\":\"Armando\",\"lastname\":\"Paredes Pisos\",\"email\":\"aparedes@gmail.com\",\"cellphone\":\"66666666\",\"rol\":\"Administrador del sistema\",\"unidaddegasto\":\"Dpto. Informatica y Sistemas\",\"facultad\":\"\",\"unidad_id\":5,\"created_at\":\"2021-05-20 13:50:27\",\"updated_at\":\"2021-07-07 17:57:42\"}}','2021-07-08 10:20:15','2021-07-08 10:20:15'),(350,'presupuesto','deleted',60,'App\\Models\\PresupuestoUnidad',15,'App\\Models\\User','{\"ip\":\"10.52.3.211\",\"user\":{\"id\":15,\"name\":\"Armando\",\"lastname\":\"Paredes Pisos\",\"email\":\"aparedes@gmail.com\",\"cellphone\":\"66666666\",\"rol\":\"Administrador del sistema\",\"unidaddegasto\":\"Dpto. Informatica y Sistemas\",\"facultad\":\"\",\"unidad_id\":5,\"created_at\":\"2021-05-20 13:50:27\",\"updated_at\":\"2021-07-07 17:57:42\"}}','2021-07-08 10:20:39','2021-07-08 10:20:39'),(351,'presupuesto','created',61,'App\\Models\\PresupuestoUnidad',15,'App\\Models\\User','{\"ip\":\"10.37.174.182\",\"user\":{\"id\":15,\"name\":\"Armando\",\"lastname\":\"Paredes Pisos\",\"email\":\"aparedes@gmail.com\",\"cellphone\":\"66666666\",\"rol\":\"Administrador del sistema\",\"unidaddegasto\":\"Dpto. Informatica y Sistemas\",\"facultad\":\"\",\"unidad_id\":5,\"created_at\":\"2021-05-20 13:50:27\",\"updated_at\":\"2021-07-07 17:57:42\"}}','2021-07-08 10:21:19','2021-07-08 10:21:19'),(352,'presupuesto','deleted',61,'App\\Models\\PresupuestoUnidad',15,'App\\Models\\User','{\"ip\":\"10.37.174.182\",\"user\":{\"id\":15,\"name\":\"Armando\",\"lastname\":\"Paredes Pisos\",\"email\":\"aparedes@gmail.com\",\"cellphone\":\"66666666\",\"rol\":\"Administrador del sistema\",\"unidaddegasto\":\"Dpto. Informatica y Sistemas\",\"facultad\":\"\",\"unidad_id\":5,\"created_at\":\"2021-05-20 13:50:27\",\"updated_at\":\"2021-07-07 17:57:42\"}}','2021-07-08 10:21:58','2021-07-08 10:21:58'),(353,'presupuesto','created',62,'App\\Models\\PresupuestoUnidad',15,'App\\Models\\User','{\"ip\":\"10.102.247.55\",\"user\":{\"id\":15,\"name\":\"Armando\",\"lastname\":\"Paredes Pisos\",\"email\":\"aparedes@gmail.com\",\"cellphone\":\"66666666\",\"rol\":\"Administrador del sistema\",\"unidaddegasto\":\"Dpto. Informatica y Sistemas\",\"facultad\":\"\",\"unidad_id\":5,\"created_at\":\"2021-05-20 13:50:27\",\"updated_at\":\"2021-07-07 17:57:42\"}}','2021-07-08 10:22:30','2021-07-08 10:22:30'),(354,'presupuesto','deleted',62,'App\\Models\\PresupuestoUnidad',15,'App\\Models\\User','{\"ip\":\"10.102.247.55\",\"user\":{\"id\":15,\"name\":\"Armando\",\"lastname\":\"Paredes Pisos\",\"email\":\"aparedes@gmail.com\",\"cellphone\":\"66666666\",\"rol\":\"Administrador del sistema\",\"unidaddegasto\":\"Dpto. Informatica y Sistemas\",\"facultad\":\"\",\"unidad_id\":5,\"created_at\":\"2021-05-20 13:50:27\",\"updated_at\":\"2021-07-07 17:57:42\"}}','2021-07-08 10:22:43','2021-07-08 10:22:43'),(355,'presupuesto','created',63,'App\\Models\\PresupuestoUnidad',15,'App\\Models\\User','{\"ip\":\"10.183.111.122\",\"user\":{\"id\":15,\"name\":\"Armando\",\"lastname\":\"Paredes Pisos\",\"email\":\"aparedes@gmail.com\",\"cellphone\":\"66666666\",\"rol\":\"Administrador del sistema\",\"unidaddegasto\":\"Dpto. Informatica y Sistemas\",\"facultad\":\"\",\"unidad_id\":5,\"created_at\":\"2021-05-20 13:50:27\",\"updated_at\":\"2021-07-07 17:57:42\"}}','2021-07-08 10:23:31','2021-07-08 10:23:31'),(356,'presupuesto','deleted',63,'App\\Models\\PresupuestoUnidad',15,'App\\Models\\User','{\"ip\":\"10.183.111.122\",\"user\":{\"id\":15,\"name\":\"Armando\",\"lastname\":\"Paredes Pisos\",\"email\":\"aparedes@gmail.com\",\"cellphone\":\"66666666\",\"rol\":\"Administrador del sistema\",\"unidaddegasto\":\"Dpto. Informatica y Sistemas\",\"facultad\":\"\",\"unidad_id\":5,\"created_at\":\"2021-05-20 13:50:27\",\"updated_at\":\"2021-07-07 17:57:42\"}}','2021-07-08 10:24:52','2021-07-08 10:24:52'),(357,'presupuesto','created',64,'App\\Models\\PresupuestoUnidad',15,'App\\Models\\User','{\"ip\":\"10.91.246.40\",\"user\":{\"id\":15,\"name\":\"Armando\",\"lastname\":\"Paredes Pisos\",\"email\":\"aparedes@gmail.com\",\"cellphone\":\"66666666\",\"rol\":\"Administrador del sistema\",\"unidaddegasto\":\"Dpto. Informatica y Sistemas\",\"facultad\":\"\",\"unidad_id\":5,\"created_at\":\"2021-05-20 13:50:27\",\"updated_at\":\"2021-07-07 17:57:42\"}}','2021-07-08 10:27:46','2021-07-08 10:27:46'),(358,'presupuesto','created',65,'App\\Models\\PresupuestoUnidad',15,'App\\Models\\User','{\"ip\":\"10.91.246.40\",\"user\":{\"id\":15,\"name\":\"Armando\",\"lastname\":\"Paredes Pisos\",\"email\":\"aparedes@gmail.com\",\"cellphone\":\"66666666\",\"rol\":\"Administrador del sistema\",\"unidaddegasto\":\"Dpto. Informatica y Sistemas\",\"facultad\":\"\",\"unidad_id\":5,\"created_at\":\"2021-05-20 13:50:27\",\"updated_at\":\"2021-07-07 17:57:42\"}}','2021-07-08 10:28:08','2021-07-08 10:28:08'),(359,'presupuesto','deleted',65,'App\\Models\\PresupuestoUnidad',15,'App\\Models\\User','{\"ip\":\"10.91.246.40\",\"user\":{\"id\":15,\"name\":\"Armando\",\"lastname\":\"Paredes Pisos\",\"email\":\"aparedes@gmail.com\",\"cellphone\":\"66666666\",\"rol\":\"Administrador del sistema\",\"unidaddegasto\":\"Dpto. Informatica y Sistemas\",\"facultad\":\"\",\"unidad_id\":5,\"created_at\":\"2021-05-20 13:50:27\",\"updated_at\":\"2021-07-07 17:57:42\"}}','2021-07-08 10:28:18','2021-07-08 10:28:18'),(360,'presupuesto','deleted',64,'App\\Models\\PresupuestoUnidad',15,'App\\Models\\User','{\"ip\":\"10.113.128.161\",\"user\":{\"id\":15,\"name\":\"Armando\",\"lastname\":\"Paredes Pisos\",\"email\":\"aparedes@gmail.com\",\"cellphone\":\"66666666\",\"rol\":\"Administrador del sistema\",\"unidaddegasto\":\"Dpto. Informatica y Sistemas\",\"facultad\":\"\",\"unidad_id\":5,\"created_at\":\"2021-05-20 13:50:27\",\"updated_at\":\"2021-07-07 17:57:42\"}}','2021-07-08 10:32:33','2021-07-08 10:32:33'),(361,'presupuesto','created',66,'App\\Models\\PresupuestoUnidad',15,'App\\Models\\User','{\"ip\":\"10.113.128.161\",\"user\":{\"id\":15,\"name\":\"Armando\",\"lastname\":\"Paredes Pisos\",\"email\":\"aparedes@gmail.com\",\"cellphone\":\"66666666\",\"rol\":\"Administrador del sistema\",\"unidaddegasto\":\"Dpto. Informatica y Sistemas\",\"facultad\":\"\",\"unidad_id\":5,\"created_at\":\"2021-05-20 13:50:27\",\"updated_at\":\"2021-07-07 17:57:42\"}}','2021-07-08 10:33:21','2021-07-08 10:33:21'),(362,'presupuesto','deleted',66,'App\\Models\\PresupuestoUnidad',15,'App\\Models\\User','{\"ip\":\"10.113.128.161\",\"user\":{\"id\":15,\"name\":\"Armando\",\"lastname\":\"Paredes Pisos\",\"email\":\"aparedes@gmail.com\",\"cellphone\":\"66666666\",\"rol\":\"Administrador del sistema\",\"unidaddegasto\":\"Dpto. Informatica y Sistemas\",\"facultad\":\"\",\"unidad_id\":5,\"created_at\":\"2021-05-20 13:50:27\",\"updated_at\":\"2021-07-07 17:57:42\"}}','2021-07-08 10:33:33','2021-07-08 10:33:33'),(363,'presupuesto','deleted',59,'App\\Models\\PresupuestoUnidad',15,'App\\Models\\User','{\"ip\":\"10.47.134.217\",\"user\":{\"id\":15,\"name\":\"Armando\",\"lastname\":\"Paredes Pisos\",\"email\":\"aparedes@gmail.com\",\"cellphone\":\"66666666\",\"rol\":\"Administrador del sistema\",\"unidaddegasto\":\"Dpto. Informatica y Sistemas\",\"facultad\":\"\",\"unidad_id\":5,\"created_at\":\"2021-05-20 13:50:27\",\"updated_at\":\"2021-07-07 17:57:42\"}}','2021-07-09 09:53:05','2021-07-09 09:53:05'),(364,'presupuesto','created',67,'App\\Models\\PresupuestoUnidad',15,'App\\Models\\User','{\"ip\":\"10.69.60.167\",\"user\":{\"id\":15,\"name\":\"Armando\",\"lastname\":\"Paredes Pisos\",\"email\":\"aparedes@gmail.com\",\"cellphone\":\"66666666\",\"rol\":\"Administrador del sistema\",\"unidaddegasto\":\"Dpto. Informatica y Sistemas\",\"facultad\":\"\",\"unidad_id\":5,\"created_at\":\"2021-05-20 13:50:27\",\"updated_at\":\"2021-07-07 17:57:42\"}}','2021-07-09 18:13:36','2021-07-09 18:13:36'),(365,'presupuesto','deleted',67,'App\\Models\\PresupuestoUnidad',15,'App\\Models\\User','{\"ip\":\"10.69.60.167\",\"user\":{\"id\":15,\"name\":\"Armando\",\"lastname\":\"Paredes Pisos\",\"email\":\"aparedes@gmail.com\",\"cellphone\":\"66666666\",\"rol\":\"Administrador del sistema\",\"unidaddegasto\":\"Dpto. Informatica y Sistemas\",\"facultad\":\"\",\"unidad_id\":5,\"created_at\":\"2021-05-20 13:50:27\",\"updated_at\":\"2021-07-07 17:57:42\"}}','2021-07-09 18:14:32','2021-07-09 18:14:32'),(366,'usuario','created',63,'App\\Models\\User',24,'App\\Models\\User','{\"ip\":\"10.45.7.119\",\"user\":{\"id\":24,\"name\":\"Nelzon\",\"lastname\":\"Zuna Huanca\",\"email\":\"nelzon777@gmail.com\",\"cellphone\":\"65412333\",\"rol\":\"Administrador del sistema\",\"unidaddegasto\":\"Dpto. Informatica y Sistemas\",\"facultad\":null,\"unidad_id\":5,\"created_at\":\"2021-05-24 11:15:13\",\"updated_at\":\"2021-07-07 17:58:01\"}}','2021-07-09 21:09:26','2021-07-09 21:09:26'),(367,'usuario','deleted',62,'App\\Models\\User',24,'App\\Models\\User','{\"ip\":\"10.63.122.84\",\"user\":{\"id\":24,\"name\":\"Nelzon\",\"lastname\":\"Zuna Huanca\",\"email\":\"nelzon777@gmail.com\",\"cellphone\":\"65412333\",\"rol\":\"Administrador del sistema\",\"unidaddegasto\":\"Dpto. Informatica y Sistemas\",\"facultad\":null,\"unidad_id\":5,\"created_at\":\"2021-05-24 11:15:13\",\"updated_at\":\"2021-07-07 17:58:01\"}}','2021-07-09 21:21:41','2021-07-09 21:21:41'),(368,'usuario','deleted',63,'App\\Models\\User',24,'App\\Models\\User','{\"ip\":\"127.0.0.1\",\"user\":{\"id\":24,\"name\":\"Nelzon\",\"lastname\":\"Zuna Huanca\",\"email\":\"nelzon777@gmail.com\",\"cellphone\":\"65412333\",\"rol\":\"Administrador del sistema\",\"unidaddegasto\":\"Dpto. Informatica y Sistemas\",\"facultad\":null,\"unidad_id\":5,\"created_at\":\"2021-05-24 11:15:13\",\"updated_at\":\"2021-07-07 17:58:01\"}}','2021-07-09 21:27:51','2021-07-09 21:27:51'),(369,'usuario','deleted',63,'App\\Models\\User',24,'App\\Models\\User','{\"ip\":\"127.0.0.1\",\"user\":{\"id\":24,\"name\":\"Nelzon\",\"lastname\":\"Zuna Huanca\",\"email\":\"nelzon777@gmail.com\",\"cellphone\":\"65412333\",\"rol\":\"Administrador del sistema\",\"unidaddegasto\":\"Dpto. Informatica y Sistemas\",\"facultad\":null,\"unidad_id\":5,\"created_at\":\"2021-05-24 11:15:13\",\"updated_at\":\"2021-07-07 17:58:01\"}}','2021-07-09 21:31:13','2021-07-09 21:31:13'),(370,'usuario','deleted',63,'App\\Models\\User',24,'App\\Models\\User','{\"ip\":\"127.0.0.1\",\"user\":{\"id\":24,\"name\":\"Nelzon\",\"lastname\":\"Zuna Huanca\",\"email\":\"nelzon777@gmail.com\",\"cellphone\":\"65412333\",\"rol\":\"Administrador del sistema\",\"unidaddegasto\":\"Dpto. Informatica y Sistemas\",\"facultad\":null,\"unidad_id\":5,\"created_at\":\"2021-05-24 11:15:13\",\"updated_at\":\"2021-07-07 17:58:01\"}}','2021-07-09 21:52:42','2021-07-09 21:52:42'),(371,'usuario','deleted',48,'App\\Models\\User',24,'App\\Models\\User','{\"ip\":\"127.0.0.1\",\"user\":{\"id\":24,\"name\":\"Nelzon\",\"lastname\":\"Zuna Huanca\",\"email\":\"nelzon777@gmail.com\",\"cellphone\":\"65412333\",\"rol\":\"Administrador del sistema\",\"unidaddegasto\":\"Dpto. Informatica y Sistemas\",\"facultad\":null,\"unidad_id\":5,\"created_at\":\"2021-05-24 11:15:13\",\"updated_at\":\"2021-07-07 17:58:01\"}}','2021-07-09 21:53:03','2021-07-09 21:53:03'),(372,'usuario','deleted',63,'App\\Models\\User',24,'App\\Models\\User','{\"ip\":\"127.0.0.1\",\"user\":{\"id\":24,\"name\":\"Nelzon\",\"lastname\":\"Zuna Huanca\",\"email\":\"nelzon777@gmail.com\",\"cellphone\":\"65412333\",\"rol\":\"Administrador del sistema\",\"unidaddegasto\":\"Dpto. Informatica y Sistemas\",\"facultad\":null,\"unidad_id\":5,\"created_at\":\"2021-05-24 11:15:13\",\"updated_at\":\"2021-07-07 17:58:01\",\"visible\":1}}','2021-07-09 22:05:45','2021-07-09 22:05:45'),(373,'usuario','deleted',35,'App\\Models\\User',24,'App\\Models\\User','{\"ip\":\"127.0.0.1\",\"user\":{\"id\":24,\"name\":\"Nelzon\",\"lastname\":\"Zuna Huanca\",\"email\":\"nelzon777@gmail.com\",\"cellphone\":\"65412333\",\"rol\":\"Administrador del sistema\",\"unidaddegasto\":\"Dpto. Informatica y Sistemas\",\"facultad\":null,\"unidad_id\":5,\"created_at\":\"2021-05-24 11:15:13\",\"updated_at\":\"2021-07-07 17:58:01\",\"visible\":1}}','2021-07-09 22:41:02','2021-07-09 22:41:02'),(374,'usuario','deleted',47,'App\\Models\\User',24,'App\\Models\\User','{\"ip\":\"127.0.0.1\",\"user\":{\"id\":24,\"name\":\"Nelzon\",\"lastname\":\"Zuna Huanca\",\"email\":\"nelzon777@gmail.com\",\"cellphone\":\"65412333\",\"rol\":\"Administrador del sistema\",\"unidaddegasto\":\"Dpto. Informatica y Sistemas\",\"facultad\":null,\"unidad_id\":5,\"created_at\":\"2021-05-24 11:15:13\",\"updated_at\":\"2021-07-07 17:58:01\",\"visible\":1}}','2021-07-09 22:41:55','2021-07-09 22:41:55'),(375,'usuario','created',64,'App\\Models\\User',24,'App\\Models\\User','{\"ip\":\"10.61.168.5\",\"user\":{\"id\":24,\"name\":\"Nelzon\",\"lastname\":\"Zuna Huanca\",\"email\":\"nelzon777@gmail.com\",\"cellphone\":\"65412333\",\"rol\":\"Administrador del sistema\",\"unidaddegasto\":\"Dpto. Informatica y Sistemas\",\"facultad\":null,\"unidad_id\":5,\"created_at\":\"2021-05-24 11:15:13\",\"updated_at\":\"2021-07-07 17:58:01\",\"visible\":1}}','2021-07-10 10:13:10','2021-07-10 10:13:10'),(376,'usuario','created',65,'App\\Models\\User',24,'App\\Models\\User','{\"ip\":\"127.0.0.1\",\"user\":{\"id\":24,\"name\":\"Nelzon\",\"lastname\":\"Zuna Huanca\",\"email\":\"nelzon777@gmail.com\",\"cellphone\":\"65412333\",\"rol\":\"Administrador del sistema\",\"unidaddegasto\":\"Dpto. Informatica y Sistemas\",\"facultad\":null,\"unidad_id\":5,\"created_at\":\"2021-05-24 11:15:13\",\"updated_at\":\"2021-07-07 17:58:01\",\"visible\":1}}','2021-07-10 10:18:34','2021-07-10 10:18:34'),(377,'usuario','created',66,'App\\Models\\User',24,'App\\Models\\User','{\"ip\":\"127.0.0.1\",\"user\":{\"id\":24,\"name\":\"Nelzon\",\"lastname\":\"Zuna Huanca\",\"email\":\"nelzon777@gmail.com\",\"cellphone\":\"65412333\",\"rol\":\"Administrador del sistema\",\"unidaddegasto\":\"Dpto. Informatica y Sistemas\",\"facultad\":null,\"unidad_id\":5,\"created_at\":\"2021-05-24 11:15:13\",\"updated_at\":\"2021-07-07 17:58:01\",\"visible\":1}}','2021-07-10 10:19:45','2021-07-10 10:19:45'),(378,'usuario','created',67,'App\\Models\\User',24,'App\\Models\\User','{\"ip\":\"127.0.0.1\",\"user\":{\"id\":24,\"name\":\"Nelzon\",\"lastname\":\"Zuna Huanca\",\"email\":\"nelzon777@gmail.com\",\"cellphone\":\"65412333\",\"rol\":\"Administrador del sistema\",\"unidaddegasto\":\"Dpto. Informatica y Sistemas\",\"facultad\":null,\"unidad_id\":5,\"created_at\":\"2021-05-24 11:15:13\",\"updated_at\":\"2021-07-07 17:58:01\",\"visible\":1}}','2021-07-10 10:22:06','2021-07-10 10:22:06'),(379,'usuario','deleted',67,'App\\Models\\User',24,'App\\Models\\User','{\"ip\":\"127.0.0.1\",\"user\":{\"id\":24,\"name\":\"Nelzon\",\"lastname\":\"Zuna Huanca\",\"email\":\"nelzon777@gmail.com\",\"cellphone\":\"65412333\",\"rol\":\"Administrador del sistema\",\"unidaddegasto\":\"Dpto. Informatica y Sistemas\",\"facultad\":null,\"unidad_id\":5,\"created_at\":\"2021-05-24 11:15:13\",\"updated_at\":\"2021-07-07 17:58:01\",\"visible\":1}}','2021-07-10 10:22:24','2021-07-10 10:22:24'),(380,'rol','deleted',34,'App\\Models\\Rol',4,'App\\Models\\User','{\"ip\":\"10.69.232.207\",\"user\":{\"id\":4,\"name\":\"Enrrique\",\"lastname\":\"Vallejos\",\"email\":\"enrrique777@gmail.com\",\"cellphone\":\"76997476\",\"rol\":\"Administrador del sistema\",\"unidaddegasto\":\"Dpto. Informatica y Sistemas\",\"facultad\":\"\",\"unidad_id\":5,\"created_at\":\"2021-05-11 23:27:42\",\"updated_at\":\"2021-07-07 17:57:07\",\"visible\":1}}','2021-07-10 10:45:44','2021-07-10 10:45:44'),(381,'usuario','created',68,'App\\Models\\User',24,'App\\Models\\User','{\"ip\":\"127.0.0.1\",\"user\":{\"id\":24,\"name\":\"Nelzon\",\"lastname\":\"Zuna Huanca\",\"email\":\"nelzon777@gmail.com\",\"cellphone\":\"65412333\",\"rol\":\"Administrador del sistema\",\"unidaddegasto\":\"Dpto. Informatica y Sistemas\",\"facultad\":null,\"unidad_id\":5,\"created_at\":\"2021-05-24 11:15:13\",\"updated_at\":\"2021-07-07 17:58:01\",\"visible\":1}}','2021-07-10 10:56:08','2021-07-10 10:56:08'),(382,'usuario','updated',68,'App\\Models\\User',24,'App\\Models\\User','{\"ip\":\"10.123.250.159\",\"user\":{\"id\":24,\"name\":\"Nelzon\",\"lastname\":\"Zuna Huanca\",\"email\":\"nelzon777@gmail.com\",\"cellphone\":\"65412333\",\"rol\":\"Administrador del sistema\",\"unidaddegasto\":\"Dpto. Informatica y Sistemas\",\"facultad\":null,\"unidad_id\":5,\"created_at\":\"2021-05-24 11:15:13\",\"updated_at\":\"2021-07-07 17:58:01\",\"visible\":1}}','2021-07-10 10:57:25','2021-07-10 10:57:25'),(383,'usuario','updated',68,'App\\Models\\User',24,'App\\Models\\User','{\"ip\":\"10.123.250.159\",\"user\":{\"id\":24,\"name\":\"Nelzon\",\"lastname\":\"Zuna Huanca\",\"email\":\"nelzon777@gmail.com\",\"cellphone\":\"65412333\",\"rol\":\"Administrador del sistema\",\"unidaddegasto\":\"Dpto. Informatica y Sistemas\",\"facultad\":null,\"unidad_id\":5,\"created_at\":\"2021-05-24 11:15:13\",\"updated_at\":\"2021-07-07 17:58:01\",\"visible\":1}}','2021-07-10 10:57:43','2021-07-10 10:57:43'),(384,'usuario','updated',10,'App\\Models\\User',24,'App\\Models\\User','{\"ip\":\"10.87.5.162\",\"user\":{\"id\":24,\"name\":\"Nelzon\",\"lastname\":\"Zuna Huanca\",\"email\":\"nelzon777@gmail.com\",\"cellphone\":\"65412333\",\"rol\":\"Administrador del sistema\",\"unidaddegasto\":\"Dpto. Informatica y Sistemas\",\"facultad\":null,\"unidad_id\":5,\"created_at\":\"2021-05-24 11:15:13\",\"updated_at\":\"2021-07-07 17:58:01\",\"visible\":1}}','2021-07-10 11:15:55','2021-07-10 11:15:55'),(385,'rol','created',36,'App\\Models\\Rol',24,'App\\Models\\User','{\"ip\":\"10.71.242.21\",\"user\":{\"id\":24,\"name\":\"Nelzon\",\"lastname\":\"Zuna Huanca\",\"email\":\"nelzon777@gmail.com\",\"cellphone\":\"65412333\",\"rol\":\"Administrador del sistema\",\"unidaddegasto\":\"Dpto. Informatica y Sistemas\",\"facultad\":null,\"unidad_id\":5,\"created_at\":\"2021-05-24 11:15:13\",\"updated_at\":\"2021-07-07 17:58:01\",\"visible\":1}}','2021-07-10 11:16:50','2021-07-10 11:16:50'),(386,'rol','deleted',36,'App\\Models\\Rol',24,'App\\Models\\User','{\"ip\":\"10.71.242.21\",\"user\":{\"id\":24,\"name\":\"Nelzon\",\"lastname\":\"Zuna Huanca\",\"email\":\"nelzon777@gmail.com\",\"cellphone\":\"65412333\",\"rol\":\"Administrador del sistema\",\"unidaddegasto\":\"Dpto. Informatica y Sistemas\",\"facultad\":null,\"unidad_id\":5,\"created_at\":\"2021-05-24 11:15:13\",\"updated_at\":\"2021-07-07 17:58:01\",\"visible\":1}}','2021-07-10 11:17:34','2021-07-10 11:17:34'),(387,'rol','created',37,'App\\Models\\Rol',24,'App\\Models\\User','{\"ip\":\"10.71.242.21\",\"user\":{\"id\":24,\"name\":\"Nelzon\",\"lastname\":\"Zuna Huanca\",\"email\":\"nelzon777@gmail.com\",\"cellphone\":\"65412333\",\"rol\":\"Administrador del sistema\",\"unidaddegasto\":\"Dpto. Informatica y Sistemas\",\"facultad\":null,\"unidad_id\":5,\"created_at\":\"2021-05-24 11:15:13\",\"updated_at\":\"2021-07-07 17:58:01\",\"visible\":1}}','2021-07-10 11:18:24','2021-07-10 11:18:24'),(388,'rol','deleted',37,'App\\Models\\Rol',24,'App\\Models\\User','{\"ip\":\"10.71.242.21\",\"user\":{\"id\":24,\"name\":\"Nelzon\",\"lastname\":\"Zuna Huanca\",\"email\":\"nelzon777@gmail.com\",\"cellphone\":\"65412333\",\"rol\":\"Administrador del sistema\",\"unidaddegasto\":\"Dpto. Informatica y Sistemas\",\"facultad\":null,\"unidad_id\":5,\"created_at\":\"2021-05-24 11:15:13\",\"updated_at\":\"2021-07-07 17:58:01\",\"visible\":1}}','2021-07-10 11:18:31','2021-07-10 11:18:31'),(389,'solicitudes','created',69,'App\\Models\\Unidad',24,'App\\Models\\User','{\"ip\":\"127.0.0.1\",\"user\":{\"id\":24,\"name\":\"Nelzon\",\"lastname\":\"Zuna Huanca\",\"email\":\"nelzon777@gmail.com\",\"cellphone\":\"65412333\",\"rol\":\"Administrador del sistema\",\"unidaddegasto\":\"Dpto. Informatica y Sistemas\",\"facultad\":null,\"unidad_id\":5,\"created_at\":\"2021-05-24 11:15:13\",\"updated_at\":\"2021-07-07 17:58:01\",\"visible\":1}}','2021-07-10 11:19:04','2021-07-10 11:19:04'),(390,'solicitudes','created',70,'App\\Models\\Unidad',24,'App\\Models\\User','{\"ip\":\"127.0.0.1\",\"user\":{\"id\":24,\"name\":\"Nelzon\",\"lastname\":\"Zuna Huanca\",\"email\":\"nelzon777@gmail.com\",\"cellphone\":\"65412333\",\"rol\":\"Administrador del sistema\",\"unidaddegasto\":\"Dpto. Informatica y Sistemas\",\"facultad\":null,\"unidad_id\":5,\"created_at\":\"2021-05-24 11:15:13\",\"updated_at\":\"2021-07-07 17:58:01\",\"visible\":1}}','2021-07-10 11:19:56','2021-07-10 11:19:56'),(391,'solicitudes','created',71,'App\\Models\\Unidad',24,'App\\Models\\User','{\"ip\":\"127.0.0.1\",\"user\":{\"id\":24,\"name\":\"Nelzon\",\"lastname\":\"Zuna Huanca\",\"email\":\"nelzon777@gmail.com\",\"cellphone\":\"65412333\",\"rol\":\"Administrador del sistema\",\"unidaddegasto\":\"Dpto. Informatica y Sistemas\",\"facultad\":null,\"unidad_id\":5,\"created_at\":\"2021-05-24 11:15:13\",\"updated_at\":\"2021-07-07 17:58:01\",\"visible\":1}}','2021-07-10 11:23:16','2021-07-10 11:23:16'),(392,'solicitudes','created',72,'App\\Models\\Unidad',24,'App\\Models\\User','{\"ip\":\"127.0.0.1\",\"user\":{\"id\":24,\"name\":\"Nelzon\",\"lastname\":\"Zuna Huanca\",\"email\":\"nelzon777@gmail.com\",\"cellphone\":\"65412333\",\"rol\":\"Administrador del sistema\",\"unidaddegasto\":\"Dpto. Informatica y Sistemas\",\"facultad\":null,\"unidad_id\":5,\"created_at\":\"2021-05-24 11:15:13\",\"updated_at\":\"2021-07-07 17:58:01\",\"visible\":1}}','2021-07-10 11:25:38','2021-07-10 11:25:38'),(393,'solicitudes','created',73,'App\\Models\\Unidad',24,'App\\Models\\User','{\"ip\":\"127.0.0.1\",\"user\":{\"id\":24,\"name\":\"Nelzon\",\"lastname\":\"Zuna Huanca\",\"email\":\"nelzon777@gmail.com\",\"cellphone\":\"65412333\",\"rol\":\"Administrador del sistema\",\"unidaddegasto\":\"Dpto. Informatica y Sistemas\",\"facultad\":null,\"unidad_id\":5,\"created_at\":\"2021-05-24 11:15:13\",\"updated_at\":\"2021-07-07 17:58:01\",\"visible\":1}}','2021-07-10 11:27:37','2021-07-10 11:27:37'),(394,'rol','created',38,'App\\Models\\Rol',24,'App\\Models\\User','{\"ip\":\"10.63.41.14\",\"user\":{\"id\":24,\"name\":\"Nelzon\",\"lastname\":\"Zuna Huanca\",\"email\":\"nelzon777@gmail.com\",\"cellphone\":\"65412333\",\"rol\":\"Administrador del sistema\",\"unidaddegasto\":\"Dpto. Informatica y Sistemas\",\"facultad\":null,\"unidad_id\":5,\"created_at\":\"2021-05-24 11:15:13\",\"updated_at\":\"2021-07-07 17:58:01\",\"visible\":1}}','2021-07-10 11:28:19','2021-07-10 11:28:19'),(395,'rol','deleted',38,'App\\Models\\Rol',24,'App\\Models\\User','{\"ip\":\"10.11.220.217\",\"user\":{\"id\":24,\"name\":\"Nelzon\",\"lastname\":\"Zuna Huanca\",\"email\":\"nelzon777@gmail.com\",\"cellphone\":\"65412333\",\"rol\":\"Administrador del sistema\",\"unidaddegasto\":\"Dpto. Informatica y Sistemas\",\"facultad\":null,\"unidad_id\":5,\"created_at\":\"2021-05-24 11:15:13\",\"updated_at\":\"2021-07-07 17:58:01\",\"visible\":1}}','2021-07-10 11:28:24','2021-07-10 11:28:24'),(396,'usuario','updated',3,'App\\Models\\User',24,'App\\Models\\User','{\"ip\":\"10.91.246.40\",\"user\":{\"id\":24,\"name\":\"Nelzon\",\"lastname\":\"Zuna Huanca\",\"email\":\"nelzon777@gmail.com\",\"cellphone\":\"65412333\",\"rol\":\"Administrador del sistema\",\"unidaddegasto\":\"Dpto. Informatica y Sistemas\",\"facultad\":null,\"unidad_id\":5,\"created_at\":\"2021-05-24 11:15:13\",\"updated_at\":\"2021-07-07 17:58:01\",\"visible\":1}}','2021-07-10 14:45:57','2021-07-10 14:45:57'),(397,'usuario','updated',4,'App\\Models\\User',24,'App\\Models\\User','{\"ip\":\"10.91.246.40\",\"user\":{\"id\":24,\"name\":\"Nelzon\",\"lastname\":\"Zuna Huanca\",\"email\":\"nelzon777@gmail.com\",\"cellphone\":\"65412333\",\"rol\":\"Administrador del sistema\",\"unidaddegasto\":\"Dpto. Informatica y Sistemas\",\"facultad\":null,\"unidad_id\":5,\"created_at\":\"2021-05-24 11:15:13\",\"updated_at\":\"2021-07-07 17:58:01\",\"visible\":1}}','2021-07-10 14:47:01','2021-07-10 14:47:01'),(398,'usuario','updated',3,'App\\Models\\User',24,'App\\Models\\User','{\"ip\":\"10.91.246.40\",\"user\":{\"id\":24,\"name\":\"Nelzon\",\"lastname\":\"Zuna Huanca\",\"email\":\"nelzon777@gmail.com\",\"cellphone\":\"65412333\",\"rol\":\"Administrador del sistema\",\"unidaddegasto\":\"Dpto. Informatica y Sistemas\",\"facultad\":null,\"unidad_id\":5,\"created_at\":\"2021-05-24 11:15:13\",\"updated_at\":\"2021-07-07 17:58:01\",\"visible\":1}}','2021-07-10 14:47:22','2021-07-10 14:47:22'),(399,'usuario','updated',3,'App\\Models\\User',24,'App\\Models\\User','{\"ip\":\"10.91.246.40\",\"user\":{\"id\":24,\"name\":\"Nelzon\",\"lastname\":\"Zuna Huanca\",\"email\":\"nelzon777@gmail.com\",\"cellphone\":\"65412333\",\"rol\":\"Administrador del sistema\",\"unidaddegasto\":\"Dpto. Informatica y Sistemas\",\"facultad\":null,\"unidad_id\":5,\"created_at\":\"2021-05-24 11:15:13\",\"updated_at\":\"2021-07-07 17:58:01\",\"visible\":1}}','2021-07-10 14:47:34','2021-07-10 14:47:34'),(400,'usuario','updated',9,'App\\Models\\User',24,'App\\Models\\User','{\"ip\":\"10.91.246.40\",\"user\":{\"id\":24,\"name\":\"Nelzon\",\"lastname\":\"Zuna Huanca\",\"email\":\"nelzon777@gmail.com\",\"cellphone\":\"65412333\",\"rol\":\"Administrador del sistema\",\"unidaddegasto\":\"Dpto. Informatica y Sistemas\",\"facultad\":null,\"unidad_id\":5,\"created_at\":\"2021-05-24 11:15:13\",\"updated_at\":\"2021-07-07 17:58:01\",\"visible\":1}}','2021-07-10 14:47:53','2021-07-10 14:47:53'),(401,'usuario','updated',9,'App\\Models\\User',24,'App\\Models\\User','{\"ip\":\"10.91.246.40\",\"user\":{\"id\":24,\"name\":\"Nelzon\",\"lastname\":\"Zuna Huanca\",\"email\":\"nelzon777@gmail.com\",\"cellphone\":\"65412333\",\"rol\":\"Administrador del sistema\",\"unidaddegasto\":\"Dpto. Informatica y Sistemas\",\"facultad\":null,\"unidad_id\":5,\"created_at\":\"2021-05-24 11:15:13\",\"updated_at\":\"2021-07-07 17:58:01\",\"visible\":1}}','2021-07-10 14:48:11','2021-07-10 14:48:11'),(402,'usuario','updated',3,'App\\Models\\User',24,'App\\Models\\User','{\"ip\":\"10.41.215.225\",\"user\":{\"id\":24,\"name\":\"Nelzon\",\"lastname\":\"Zuna Huanca\",\"email\":\"nelzon777@gmail.com\",\"cellphone\":\"65412333\",\"rol\":\"Administrador del sistema\",\"unidaddegasto\":\"Dpto. Informatica y Sistemas\",\"facultad\":null,\"unidad_id\":5,\"created_at\":\"2021-05-24 11:15:13\",\"updated_at\":\"2021-07-07 17:58:01\",\"visible\":1}}','2021-07-10 14:53:14','2021-07-10 14:53:14'),(403,'usuario','updated',2,'App\\Models\\User',24,'App\\Models\\User','{\"ip\":\"10.30.117.146\",\"user\":{\"id\":24,\"name\":\"Nelzon\",\"lastname\":\"Zuna Huanca\",\"email\":\"nelzon777@gmail.com\",\"cellphone\":\"65412333\",\"rol\":\"Administrador del sistema\",\"unidaddegasto\":\"Dpto. Informatica y Sistemas\",\"facultad\":null,\"unidad_id\":5,\"created_at\":\"2021-05-24 11:15:13\",\"updated_at\":\"2021-07-07 17:58:01\",\"visible\":1}}','2021-07-10 15:00:16','2021-07-10 15:00:16'),(404,'usuario','updated',2,'App\\Models\\User',24,'App\\Models\\User','{\"ip\":\"10.30.117.146\",\"user\":{\"id\":24,\"name\":\"Nelzon\",\"lastname\":\"Zuna Huanca\",\"email\":\"nelzon777@gmail.com\",\"cellphone\":\"65412333\",\"rol\":\"Administrador del sistema\",\"unidaddegasto\":\"Dpto. Informatica y Sistemas\",\"facultad\":null,\"unidad_id\":5,\"created_at\":\"2021-05-24 11:15:13\",\"updated_at\":\"2021-07-07 17:58:01\",\"visible\":1}}','2021-07-10 15:00:18','2021-07-10 15:00:18'),(405,'usuario','updated',9,'App\\Models\\User',24,'App\\Models\\User','{\"ip\":\"10.30.117.146\",\"user\":{\"id\":24,\"name\":\"Nelzon\",\"lastname\":\"Zuna Huanca\",\"email\":\"nelzon777@gmail.com\",\"cellphone\":\"65412333\",\"rol\":\"Administrador del sistema\",\"unidaddegasto\":\"Dpto. Informatica y Sistemas\",\"facultad\":null,\"unidad_id\":5,\"created_at\":\"2021-05-24 11:15:13\",\"updated_at\":\"2021-07-07 17:58:01\",\"visible\":1}}','2021-07-10 15:00:38','2021-07-10 15:00:38'),(406,'usuario','updated',9,'App\\Models\\User',24,'App\\Models\\User','{\"ip\":\"10.30.117.146\",\"user\":{\"id\":24,\"name\":\"Nelzon\",\"lastname\":\"Zuna Huanca\",\"email\":\"nelzon777@gmail.com\",\"cellphone\":\"65412333\",\"rol\":\"Administrador del sistema\",\"unidaddegasto\":\"Dpto. Informatica y Sistemas\",\"facultad\":null,\"unidad_id\":5,\"created_at\":\"2021-05-24 11:15:13\",\"updated_at\":\"2021-07-07 17:58:01\",\"visible\":1}}','2021-07-10 15:00:50','2021-07-10 15:00:50'),(407,'usuario','updated',9,'App\\Models\\User',24,'App\\Models\\User','{\"ip\":\"10.41.166.250\",\"user\":{\"id\":24,\"name\":\"Nelzon\",\"lastname\":\"Zuna Huanca\",\"email\":\"nelzon777@gmail.com\",\"cellphone\":\"65412333\",\"rol\":\"Administrador del sistema\",\"unidaddegasto\":\"Dpto. Informatica y Sistemas\",\"facultad\":null,\"unidad_id\":5,\"created_at\":\"2021-05-24 11:15:13\",\"updated_at\":\"2021-07-07 17:58:01\",\"visible\":1}}','2021-07-10 15:01:55','2021-07-10 15:01:55'),(408,'usuario','updated',10,'App\\Models\\User',24,'App\\Models\\User','{\"ip\":\"10.51.248.89\",\"user\":{\"id\":24,\"name\":\"Nelzon\",\"lastname\":\"Zuna Huanca\",\"email\":\"nelzon777@gmail.com\",\"cellphone\":\"65412333\",\"rol\":\"Administrador del sistema\",\"unidaddegasto\":\"Dpto. Informatica y Sistemas\",\"facultad\":null,\"unidad_id\":5,\"created_at\":\"2021-05-24 11:15:13\",\"updated_at\":\"2021-07-07 17:58:01\",\"visible\":1}}','2021-07-10 15:03:00','2021-07-10 15:03:00'),(409,'rol','created',39,'App\\Models\\Rol',24,'App\\Models\\User','{\"ip\":\"127.0.0.1\",\"user\":{\"id\":24,\"name\":\"Nelzon\",\"lastname\":\"Zuna Huanca\",\"email\":\"nelzon777@gmail.com\",\"cellphone\":\"65412333\",\"rol\":\"Administrador del sistema\",\"unidaddegasto\":\"Dpto. Informatica y Sistemas\",\"facultad\":null,\"unidad_id\":5,\"created_at\":\"2021-05-24 11:15:13\",\"updated_at\":\"2021-07-07 17:58:01\",\"visible\":1}}','2021-07-10 15:17:27','2021-07-10 15:17:27'),(410,'rol','created',40,'App\\Models\\Rol',24,'App\\Models\\User','{\"ip\":\"127.0.0.1\",\"user\":{\"id\":24,\"name\":\"Nelzon\",\"lastname\":\"Zuna Huanca\",\"email\":\"nelzon777@gmail.com\",\"cellphone\":\"65412333\",\"rol\":\"Administrador del sistema\",\"unidaddegasto\":\"Dpto. Informatica y Sistemas\",\"facultad\":null,\"unidad_id\":5,\"created_at\":\"2021-05-24 11:15:13\",\"updated_at\":\"2021-07-07 17:58:01\",\"visible\":1}}','2021-07-10 15:24:58','2021-07-10 15:24:58'),(411,'rol','created',41,'App\\Models\\Rol',24,'App\\Models\\User','{\"ip\":\"127.0.0.1\",\"user\":{\"id\":24,\"name\":\"Nelzon\",\"lastname\":\"Zuna Huanca\",\"email\":\"nelzon777@gmail.com\",\"cellphone\":\"65412333\",\"rol\":\"Administrador del sistema\",\"unidaddegasto\":\"Dpto. Informatica y Sistemas\",\"facultad\":null,\"unidad_id\":5,\"created_at\":\"2021-05-24 11:15:13\",\"updated_at\":\"2021-07-07 17:58:01\",\"visible\":1}}','2021-07-10 15:26:01','2021-07-10 15:26:01'),(412,'rol','created',42,'App\\Models\\Rol',24,'App\\Models\\User','{\"ip\":\"127.0.0.1\",\"user\":{\"id\":24,\"name\":\"Nelzon\",\"lastname\":\"Zuna Huanca\",\"email\":\"nelzon777@gmail.com\",\"cellphone\":\"65412333\",\"rol\":\"Administrador del sistema\",\"unidaddegasto\":\"Dpto. Informatica y Sistemas\",\"facultad\":null,\"unidad_id\":5,\"created_at\":\"2021-05-24 11:15:13\",\"updated_at\":\"2021-07-07 17:58:01\",\"visible\":1}}','2021-07-10 15:28:55','2021-07-10 15:28:55'),(413,'rol','created',43,'App\\Models\\Rol',24,'App\\Models\\User','{\"ip\":\"127.0.0.1\",\"user\":{\"id\":24,\"name\":\"Nelzon\",\"lastname\":\"Zuna Huanca\",\"email\":\"nelzon777@gmail.com\",\"cellphone\":\"65412333\",\"rol\":\"Administrador del sistema\",\"unidaddegasto\":\"Dpto. Informatica y Sistemas\",\"facultad\":null,\"unidad_id\":5,\"created_at\":\"2021-05-24 11:15:13\",\"updated_at\":\"2021-07-07 17:58:01\",\"visible\":1}}','2021-07-10 15:37:50','2021-07-10 15:37:50'),(414,'rol','created',45,'App\\Models\\Rol',24,'App\\Models\\User','{\"ip\":\"127.0.0.1\",\"user\":{\"id\":24,\"name\":\"Nelzon\",\"lastname\":\"Zuna Huanca\",\"email\":\"nelzon777@gmail.com\",\"cellphone\":\"65412333\",\"rol\":\"Administrador del sistema\",\"unidaddegasto\":\"Dpto. Informatica y Sistemas\",\"facultad\":null,\"unidad_id\":5,\"created_at\":\"2021-05-24 11:15:13\",\"updated_at\":\"2021-07-07 17:58:01\",\"visible\":1}}','2021-07-10 15:42:07','2021-07-10 15:42:07'),(415,'rol','created',46,'App\\Models\\Rol',24,'App\\Models\\User','{\"ip\":\"127.0.0.1\",\"user\":{\"id\":24,\"name\":\"Nelzon\",\"lastname\":\"Zuna Huanca\",\"email\":\"nelzon777@gmail.com\",\"cellphone\":\"65412333\",\"rol\":\"Administrador del sistema\",\"unidaddegasto\":\"Dpto. Informatica y Sistemas\",\"facultad\":null,\"unidad_id\":5,\"created_at\":\"2021-05-24 11:15:13\",\"updated_at\":\"2021-07-07 17:58:01\",\"visible\":1}}','2021-07-10 15:44:05','2021-07-10 15:44:05'),(416,'rol','deleted',46,'App\\Models\\Rol',24,'App\\Models\\User','{\"ip\":\"10.87.5.162\",\"user\":{\"id\":24,\"name\":\"Nelzon\",\"lastname\":\"Zuna Huanca\",\"email\":\"nelzon777@gmail.com\",\"cellphone\":\"65412333\",\"rol\":\"Administrador del sistema\",\"unidaddegasto\":\"Dpto. Informatica y Sistemas\",\"facultad\":null,\"unidad_id\":5,\"created_at\":\"2021-05-24 11:15:13\",\"updated_at\":\"2021-07-07 17:58:01\",\"visible\":1}}','2021-07-10 15:45:11','2021-07-10 15:45:11'),(417,'rol','deleted',44,'App\\Models\\Rol',24,'App\\Models\\User','{\"ip\":\"10.87.5.162\",\"user\":{\"id\":24,\"name\":\"Nelzon\",\"lastname\":\"Zuna Huanca\",\"email\":\"nelzon777@gmail.com\",\"cellphone\":\"65412333\",\"rol\":\"Administrador del sistema\",\"unidaddegasto\":\"Dpto. Informatica y Sistemas\",\"facultad\":null,\"unidad_id\":5,\"created_at\":\"2021-05-24 11:15:13\",\"updated_at\":\"2021-07-07 17:58:01\",\"visible\":1}}','2021-07-10 15:45:24','2021-07-10 15:45:24'),(418,'rol','deleted',39,'App\\Models\\Rol',24,'App\\Models\\User','{\"ip\":\"10.87.5.162\",\"user\":{\"id\":24,\"name\":\"Nelzon\",\"lastname\":\"Zuna Huanca\",\"email\":\"nelzon777@gmail.com\",\"cellphone\":\"65412333\",\"rol\":\"Administrador del sistema\",\"unidaddegasto\":\"Dpto. Informatica y Sistemas\",\"facultad\":null,\"unidad_id\":5,\"created_at\":\"2021-05-24 11:15:13\",\"updated_at\":\"2021-07-07 17:58:01\",\"visible\":1}}','2021-07-10 15:45:34','2021-07-10 15:45:34'),(419,'rol','deleted',40,'App\\Models\\Rol',24,'App\\Models\\User','{\"ip\":\"10.87.5.162\",\"user\":{\"id\":24,\"name\":\"Nelzon\",\"lastname\":\"Zuna Huanca\",\"email\":\"nelzon777@gmail.com\",\"cellphone\":\"65412333\",\"rol\":\"Administrador del sistema\",\"unidaddegasto\":\"Dpto. Informatica y Sistemas\",\"facultad\":null,\"unidad_id\":5,\"created_at\":\"2021-05-24 11:15:13\",\"updated_at\":\"2021-07-07 17:58:01\",\"visible\":1}}','2021-07-10 15:45:42','2021-07-10 15:45:42'),(420,'rol','deleted',41,'App\\Models\\Rol',24,'App\\Models\\User','{\"ip\":\"10.87.5.162\",\"user\":{\"id\":24,\"name\":\"Nelzon\",\"lastname\":\"Zuna Huanca\",\"email\":\"nelzon777@gmail.com\",\"cellphone\":\"65412333\",\"rol\":\"Administrador del sistema\",\"unidaddegasto\":\"Dpto. Informatica y Sistemas\",\"facultad\":null,\"unidad_id\":5,\"created_at\":\"2021-05-24 11:15:13\",\"updated_at\":\"2021-07-07 17:58:01\",\"visible\":1}}','2021-07-10 15:45:45','2021-07-10 15:45:45'),(421,'rol','deleted',42,'App\\Models\\Rol',24,'App\\Models\\User','{\"ip\":\"10.87.5.162\",\"user\":{\"id\":24,\"name\":\"Nelzon\",\"lastname\":\"Zuna Huanca\",\"email\":\"nelzon777@gmail.com\",\"cellphone\":\"65412333\",\"rol\":\"Administrador del sistema\",\"unidaddegasto\":\"Dpto. Informatica y Sistemas\",\"facultad\":null,\"unidad_id\":5,\"created_at\":\"2021-05-24 11:15:13\",\"updated_at\":\"2021-07-07 17:58:01\",\"visible\":1}}','2021-07-10 15:45:49','2021-07-10 15:45:49'),(422,'rol','deleted',45,'App\\Models\\Rol',24,'App\\Models\\User','{\"ip\":\"10.87.5.162\",\"user\":{\"id\":24,\"name\":\"Nelzon\",\"lastname\":\"Zuna Huanca\",\"email\":\"nelzon777@gmail.com\",\"cellphone\":\"65412333\",\"rol\":\"Administrador del sistema\",\"unidaddegasto\":\"Dpto. Informatica y Sistemas\",\"facultad\":null,\"unidad_id\":5,\"created_at\":\"2021-05-24 11:15:13\",\"updated_at\":\"2021-07-07 17:58:01\",\"visible\":1}}','2021-07-10 15:45:53','2021-07-10 15:45:53'),(423,'rol','deleted',43,'App\\Models\\Rol',24,'App\\Models\\User','{\"ip\":\"10.87.5.162\",\"user\":{\"id\":24,\"name\":\"Nelzon\",\"lastname\":\"Zuna Huanca\",\"email\":\"nelzon777@gmail.com\",\"cellphone\":\"65412333\",\"rol\":\"Administrador del sistema\",\"unidaddegasto\":\"Dpto. Informatica y Sistemas\",\"facultad\":null,\"unidad_id\":5,\"created_at\":\"2021-05-24 11:15:13\",\"updated_at\":\"2021-07-07 17:58:01\",\"visible\":1}}','2021-07-10 15:45:57','2021-07-10 15:45:57'),(424,'rol','deleted',4,'App\\Models\\Rol',24,'App\\Models\\User','{\"ip\":\"10.51.229.22\",\"user\":{\"id\":24,\"name\":\"Nelzon\",\"lastname\":\"Zuna Huanca\",\"email\":\"nelzon777@gmail.com\",\"cellphone\":\"65412333\",\"rol\":\"Administrador del sistema\",\"unidaddegasto\":\"Dpto. Informatica y Sistemas\",\"facultad\":null,\"unidad_id\":5,\"created_at\":\"2021-05-24 11:15:13\",\"updated_at\":\"2021-07-07 17:58:01\",\"visible\":1}}','2021-07-10 15:59:38','2021-07-10 15:59:38'),(425,'rol','created',48,'App\\Models\\Rol',24,'App\\Models\\User','{\"ip\":\"127.0.0.1\",\"user\":{\"id\":24,\"name\":\"Nelzon\",\"lastname\":\"Zuna Huanca\",\"email\":\"nelzon777@gmail.com\",\"cellphone\":\"65412333\",\"rol\":\"Administrador del sistema\",\"unidaddegasto\":\"Dpto. Informatica y Sistemas\",\"facultad\":null,\"unidad_id\":5,\"created_at\":\"2021-05-24 11:15:13\",\"updated_at\":\"2021-07-07 17:58:01\",\"visible\":1}}','2021-07-10 16:03:40','2021-07-10 16:03:40'),(426,'rol','created',49,'App\\Models\\Rol',24,'App\\Models\\User','{\"ip\":\"127.0.0.1\",\"user\":{\"id\":24,\"name\":\"Nelzon\",\"lastname\":\"Zuna Huanca\",\"email\":\"nelzon777@gmail.com\",\"cellphone\":\"65412333\",\"rol\":\"Administrador del sistema\",\"unidaddegasto\":\"Dpto. Informatica y Sistemas\",\"facultad\":null,\"unidad_id\":5,\"created_at\":\"2021-05-24 11:15:13\",\"updated_at\":\"2021-07-07 17:58:01\",\"visible\":1}}','2021-07-10 16:04:22','2021-07-10 16:04:22'),(427,'rol','deleted',48,'App\\Models\\Rol',24,'App\\Models\\User','{\"ip\":\"127.0.0.1\",\"user\":{\"id\":24,\"name\":\"Nelzon\",\"lastname\":\"Zuna Huanca\",\"email\":\"nelzon777@gmail.com\",\"cellphone\":\"65412333\",\"rol\":\"Administrador del sistema\",\"unidaddegasto\":\"Dpto. Informatica y Sistemas\",\"facultad\":null,\"unidad_id\":5,\"created_at\":\"2021-05-24 11:15:13\",\"updated_at\":\"2021-07-07 17:58:01\",\"visible\":1}}','2021-07-10 16:04:39','2021-07-10 16:04:39'),(428,'rol','deleted',49,'App\\Models\\Rol',24,'App\\Models\\User','{\"ip\":\"127.0.0.1\",\"user\":{\"id\":24,\"name\":\"Nelzon\",\"lastname\":\"Zuna Huanca\",\"email\":\"nelzon777@gmail.com\",\"cellphone\":\"65412333\",\"rol\":\"Administrador del sistema\",\"unidaddegasto\":\"Dpto. Informatica y Sistemas\",\"facultad\":null,\"unidad_id\":5,\"created_at\":\"2021-05-24 11:15:13\",\"updated_at\":\"2021-07-07 17:58:01\",\"visible\":1}}','2021-07-10 16:05:33','2021-07-10 16:05:33'),(429,'rol','created',50,'App\\Models\\Rol',24,'App\\Models\\User','{\"ip\":\"127.0.0.1\",\"user\":{\"id\":24,\"name\":\"Nelzon\",\"lastname\":\"Zuna Huanca\",\"email\":\"nelzon777@gmail.com\",\"cellphone\":\"65412333\",\"rol\":\"Administrador del sistema\",\"unidaddegasto\":\"Dpto. Informatica y Sistemas\",\"facultad\":null,\"unidad_id\":5,\"created_at\":\"2021-05-24 11:15:13\",\"updated_at\":\"2021-07-07 17:58:01\",\"visible\":1}}','2021-07-10 16:10:01','2021-07-10 16:10:01'),(430,'rol','updated',50,'App\\Models\\Rol',24,'App\\Models\\User','{\"ip\":\"10.30.27.229\",\"user\":{\"id\":24,\"name\":\"Nelzon\",\"lastname\":\"Zuna Huanca\",\"email\":\"nelzon777@gmail.com\",\"cellphone\":\"65412333\",\"rol\":\"Administrador del sistema\",\"unidaddegasto\":\"Dpto. Informatica y Sistemas\",\"facultad\":null,\"unidad_id\":5,\"created_at\":\"2021-05-24 11:15:13\",\"updated_at\":\"2021-07-07 17:58:01\",\"visible\":1}}','2021-07-10 16:10:13','2021-07-10 16:10:13'),(431,'rol','deleted',50,'App\\Models\\Rol',24,'App\\Models\\User','{\"ip\":\"127.0.0.1\",\"user\":{\"id\":24,\"name\":\"Nelzon\",\"lastname\":\"Zuna Huanca\",\"email\":\"nelzon777@gmail.com\",\"cellphone\":\"65412333\",\"rol\":\"Administrador del sistema\",\"unidaddegasto\":\"Dpto. Informatica y Sistemas\",\"facultad\":null,\"unidad_id\":5,\"created_at\":\"2021-05-24 11:15:13\",\"updated_at\":\"2021-07-07 17:58:01\",\"visible\":1}}','2021-07-10 16:12:15','2021-07-10 16:12:15'),(432,'rol','created',51,'App\\Models\\Rol',24,'App\\Models\\User','{\"ip\":\"127.0.0.1\",\"user\":{\"id\":24,\"name\":\"Nelzon\",\"lastname\":\"Zuna Huanca\",\"email\":\"nelzon777@gmail.com\",\"cellphone\":\"65412333\",\"rol\":\"Administrador del sistema\",\"unidaddegasto\":\"Dpto. Informatica y Sistemas\",\"facultad\":null,\"unidad_id\":5,\"created_at\":\"2021-05-24 11:15:13\",\"updated_at\":\"2021-07-07 17:58:01\",\"visible\":1}}','2021-07-10 16:13:13','2021-07-10 16:13:13'),(433,'rol','deleted',51,'App\\Models\\Rol',24,'App\\Models\\User','{\"ip\":\"127.0.0.1\",\"user\":{\"id\":24,\"name\":\"Nelzon\",\"lastname\":\"Zuna Huanca\",\"email\":\"nelzon777@gmail.com\",\"cellphone\":\"65412333\",\"rol\":\"Administrador del sistema\",\"unidaddegasto\":\"Dpto. Informatica y Sistemas\",\"facultad\":null,\"unidad_id\":5,\"created_at\":\"2021-05-24 11:15:13\",\"updated_at\":\"2021-07-07 17:58:01\",\"visible\":1}}','2021-07-10 16:14:23','2021-07-10 16:14:23'),(434,'rol','created',52,'App\\Models\\Rol',24,'App\\Models\\User','{\"ip\":\"127.0.0.1\",\"user\":{\"id\":24,\"name\":\"Nelzon\",\"lastname\":\"Zuna Huanca\",\"email\":\"nelzon777@gmail.com\",\"cellphone\":\"65412333\",\"rol\":\"Administrador del sistema\",\"unidaddegasto\":\"Dpto. Informatica y Sistemas\",\"facultad\":null,\"unidad_id\":5,\"created_at\":\"2021-05-24 11:15:13\",\"updated_at\":\"2021-07-07 17:58:01\",\"visible\":1}}','2021-07-10 16:14:43','2021-07-10 16:14:43'),(435,'rol','deleted',52,'App\\Models\\Rol',24,'App\\Models\\User','{\"ip\":\"127.0.0.1\",\"user\":{\"id\":24,\"name\":\"Nelzon\",\"lastname\":\"Zuna Huanca\",\"email\":\"nelzon777@gmail.com\",\"cellphone\":\"65412333\",\"rol\":\"Administrador del sistema\",\"unidaddegasto\":\"Dpto. Informatica y Sistemas\",\"facultad\":null,\"unidad_id\":5,\"created_at\":\"2021-05-24 11:15:13\",\"updated_at\":\"2021-07-07 17:58:01\",\"visible\":1}}','2021-07-10 16:20:44','2021-07-10 16:20:44'),(436,'rol','created',53,'App\\Models\\Rol',24,'App\\Models\\User','{\"ip\":\"127.0.0.1\",\"user\":{\"id\":24,\"name\":\"Nelzon\",\"lastname\":\"Zuna Huanca\",\"email\":\"nelzon777@gmail.com\",\"cellphone\":\"65412333\",\"rol\":\"Administrador del sistema\",\"unidaddegasto\":\"Dpto. Informatica y Sistemas\",\"facultad\":null,\"unidad_id\":5,\"created_at\":\"2021-05-24 11:15:13\",\"updated_at\":\"2021-07-07 17:58:01\",\"visible\":1}}','2021-07-10 16:21:23','2021-07-10 16:21:23'),(437,'rol','deleted',53,'App\\Models\\Rol',24,'App\\Models\\User','{\"ip\":\"127.0.0.1\",\"user\":{\"id\":24,\"name\":\"Nelzon\",\"lastname\":\"Zuna Huanca\",\"email\":\"nelzon777@gmail.com\",\"cellphone\":\"65412333\",\"rol\":\"Administrador del sistema\",\"unidaddegasto\":\"Dpto. Informatica y Sistemas\",\"facultad\":null,\"unidad_id\":5,\"created_at\":\"2021-05-24 11:15:13\",\"updated_at\":\"2021-07-07 17:58:01\",\"visible\":1}}','2021-07-10 16:23:14','2021-07-10 16:23:14'),(438,'usuario','created',69,'App\\Models\\User',24,'App\\Models\\User','{\"ip\":\"127.0.0.1\",\"user\":{\"id\":24,\"name\":\"Nelzon\",\"lastname\":\"Zuna Huanca\",\"email\":\"nelzon777@gmail.com\",\"cellphone\":\"65412333\",\"rol\":\"Administrador del sistema\",\"unidaddegasto\":\"Dpto. Informatica y Sistemas\",\"facultad\":null,\"unidad_id\":5,\"created_at\":\"2021-05-24 11:15:13\",\"updated_at\":\"2021-07-07 17:58:01\",\"visible\":1}}','2021-07-10 16:28:25','2021-07-10 16:28:25'),(439,'usuario','created',70,'App\\Models\\User',24,'App\\Models\\User','{\"ip\":\"127.0.0.1\",\"user\":{\"id\":24,\"name\":\"Nelzon\",\"lastname\":\"Zuna Huanca\",\"email\":\"nelzon777@gmail.com\",\"cellphone\":\"65412333\",\"rol\":\"Administrador del sistema\",\"unidaddegasto\":\"Dpto. Informatica y Sistemas\",\"facultad\":null,\"unidad_id\":5,\"created_at\":\"2021-05-24 11:15:13\",\"updated_at\":\"2021-07-07 17:58:01\",\"visible\":1}}','2021-07-10 16:29:05','2021-07-10 16:29:05'),(440,'usuario','deleted',69,'App\\Models\\User',24,'App\\Models\\User','{\"ip\":\"127.0.0.1\",\"user\":{\"id\":24,\"name\":\"Nelzon\",\"lastname\":\"Zuna Huanca\",\"email\":\"nelzon777@gmail.com\",\"cellphone\":\"65412333\",\"rol\":\"Administrador del sistema\",\"unidaddegasto\":\"Dpto. Informatica y Sistemas\",\"facultad\":null,\"unidad_id\":5,\"created_at\":\"2021-05-24 11:15:13\",\"updated_at\":\"2021-07-07 17:58:01\",\"visible\":1}}','2021-07-10 16:30:03','2021-07-10 16:30:03'),(441,'usuario','created',71,'App\\Models\\User',24,'App\\Models\\User','{\"ip\":\"127.0.0.1\",\"user\":{\"id\":24,\"name\":\"Nelzon\",\"lastname\":\"Zuna Huanca\",\"email\":\"nelzon777@gmail.com\",\"cellphone\":\"65412333\",\"rol\":\"Administrador del sistema\",\"unidaddegasto\":\"Dpto. Informatica y Sistemas\",\"facultad\":null,\"unidad_id\":5,\"created_at\":\"2021-05-24 11:15:13\",\"updated_at\":\"2021-07-07 17:58:01\",\"visible\":1}}','2021-07-10 16:30:39','2021-07-10 16:30:39'),(442,'rol','created',54,'App\\Models\\Rol',24,'App\\Models\\User','{\"ip\":\"127.0.0.1\",\"user\":{\"id\":24,\"name\":\"Nelzon\",\"lastname\":\"Zuna Huanca\",\"email\":\"nelzon777@gmail.com\",\"cellphone\":\"65412333\",\"rol\":\"Administrador del sistema\",\"unidaddegasto\":\"Dpto. Informatica y Sistemas\",\"facultad\":null,\"unidad_id\":5,\"created_at\":\"2021-05-24 11:15:13\",\"updated_at\":\"2021-07-07 17:58:01\",\"visible\":1}}','2021-07-10 17:26:27','2021-07-10 17:26:27'),(443,'rol','updated',54,'App\\Models\\Rol',24,'App\\Models\\User','{\"ip\":\"10.69.225.154\",\"user\":{\"id\":24,\"name\":\"Nelzon\",\"lastname\":\"Zuna Huanca\",\"email\":\"nelzon777@gmail.com\",\"cellphone\":\"65412333\",\"rol\":\"Administrador del sistema\",\"unidaddegasto\":\"Dpto. Informatica y Sistemas\",\"facultad\":null,\"unidad_id\":5,\"created_at\":\"2021-05-24 11:15:13\",\"updated_at\":\"2021-07-07 17:58:01\",\"visible\":1}}','2021-07-10 17:47:43','2021-07-10 17:47:43'),(444,'rol','updated',54,'App\\Models\\Rol',24,'App\\Models\\User','{\"ip\":\"10.69.225.154\",\"user\":{\"id\":24,\"name\":\"Nelzon\",\"lastname\":\"Zuna Huanca\",\"email\":\"nelzon777@gmail.com\",\"cellphone\":\"65412333\",\"rol\":\"Administrador del sistema\",\"unidaddegasto\":\"Dpto. Informatica y Sistemas\",\"facultad\":null,\"unidad_id\":5,\"created_at\":\"2021-05-24 11:15:13\",\"updated_at\":\"2021-07-07 17:58:01\",\"visible\":1}}','2021-07-10 17:47:56','2021-07-10 17:47:56'),(445,'rol','updated',54,'App\\Models\\Rol',24,'App\\Models\\User','{\"ip\":\"10.69.225.154\",\"user\":{\"id\":24,\"name\":\"Nelzon\",\"lastname\":\"Zuna Huanca\",\"email\":\"nelzon777@gmail.com\",\"cellphone\":\"65412333\",\"rol\":\"Administrador del sistema\",\"unidaddegasto\":\"Dpto. Informatica y Sistemas\",\"facultad\":null,\"unidad_id\":5,\"created_at\":\"2021-05-24 11:15:13\",\"updated_at\":\"2021-07-07 17:58:01\",\"visible\":1}}','2021-07-10 17:48:14','2021-07-10 17:48:14'),(446,'rol','created',55,'App\\Models\\Rol',39,'App\\Models\\User','{\"ip\":\"10.47.223.100\",\"user\":{\"id\":39,\"name\":\"Juan Lucho\",\"lastname\":\"Lopez\",\"email\":\"jlucho@gmail.com\",\"cellphone\":\"65465465\",\"rol\":\"Jefe\",\"unidaddegasto\":\"Dpt de Derecho\",\"facultad\":null,\"unidad_id\":15,\"created_at\":\"2021-06-23 15:04:40\",\"updated_at\":\"2021-06-23 15:04:40\",\"visible\":1}}','2021-07-10 18:14:30','2021-07-10 18:14:30'),(447,'rol','updated',56,'App\\Models\\Rol',24,'App\\Models\\User','{\"ip\":\"10.63.122.84\",\"user\":{\"id\":24,\"name\":\"Nelzon\",\"lastname\":\"Zuna Huanca\",\"email\":\"nelzon777@gmail.com\",\"cellphone\":\"65412333\",\"rol\":\"Administrador del sistema\",\"unidaddegasto\":\"Dpto. Informatica y Sistemas\",\"facultad\":null,\"unidad_id\":5,\"created_at\":\"2021-05-24 11:15:13\",\"updated_at\":\"2021-07-07 17:58:01\",\"visible\":1}}','2021-07-10 18:36:05','2021-07-10 18:36:05'),(448,'rol','updated',56,'App\\Models\\Rol',24,'App\\Models\\User','{\"ip\":\"10.16.235.227\",\"user\":{\"id\":24,\"name\":\"Nelzon\",\"lastname\":\"Zuna Huanca\",\"email\":\"nelzon777@gmail.com\",\"cellphone\":\"65412333\",\"rol\":\"Administrador del sistema\",\"unidaddegasto\":\"Dpto. Informatica y Sistemas\",\"facultad\":null,\"unidad_id\":5,\"created_at\":\"2021-05-24 11:15:13\",\"updated_at\":\"2021-07-07 17:58:01\",\"visible\":1}}','2021-07-10 18:38:22','2021-07-10 18:38:22'),(449,'solicitudes','created',75,'App\\Models\\Unidad',24,'App\\Models\\User','{\"ip\":\"127.0.0.1\",\"user\":{\"id\":24,\"name\":\"Nelzon\",\"lastname\":\"Zuna Huanca\",\"email\":\"nelzon777@gmail.com\",\"cellphone\":\"65412333\",\"rol\":\"Administrador del sistema\",\"unidaddegasto\":\"Dpto. Informatica y Sistemas\",\"facultad\":null,\"unidad_id\":5,\"created_at\":\"2021-05-24 11:15:13\",\"updated_at\":\"2021-07-07 17:58:01\",\"visible\":1}}','2021-07-10 19:08:45','2021-07-10 19:08:45'),(450,'solicitudes','created',76,'App\\Models\\Unidad',24,'App\\Models\\User','{\"ip\":\"127.0.0.1\",\"user\":{\"id\":24,\"name\":\"Nelzon\",\"lastname\":\"Zuna Huanca\",\"email\":\"nelzon777@gmail.com\",\"cellphone\":\"65412333\",\"rol\":\"Administrador del sistema\",\"unidaddegasto\":\"Dpto. Informatica y Sistemas\",\"facultad\":null,\"unidad_id\":5,\"created_at\":\"2021-05-24 11:15:13\",\"updated_at\":\"2021-07-07 17:58:01\",\"visible\":1}}','2021-07-10 19:11:09','2021-07-10 19:11:09'),(451,'solicitudes','created',77,'App\\Models\\Unidad',24,'App\\Models\\User','{\"ip\":\"127.0.0.1\",\"user\":{\"id\":24,\"name\":\"Nelzon\",\"lastname\":\"Zuna Huanca\",\"email\":\"nelzon777@gmail.com\",\"cellphone\":\"65412333\",\"rol\":\"Administrador del sistema\",\"unidaddegasto\":\"Dpto. Informatica y Sistemas\",\"facultad\":null,\"unidad_id\":5,\"created_at\":\"2021-05-24 11:15:13\",\"updated_at\":\"2021-07-07 17:58:01\",\"visible\":1}}','2021-07-10 19:23:23','2021-07-10 19:23:23'),(452,'unidad','updated',77,'App\\Models\\Unidad',24,'App\\Models\\User','{\"ip\":\"127.0.0.1\",\"user\":{\"id\":24,\"name\":\"Nelzon\",\"lastname\":\"Zuna Huanca\",\"email\":\"nelzon777@gmail.com\",\"cellphone\":\"65412333\",\"rol\":\"Administrador del sistema\",\"unidaddegasto\":\"Dpto. Informatica y Sistemas\",\"facultad\":null,\"unidad_id\":5,\"created_at\":\"2021-05-24 11:15:13\",\"updated_at\":\"2021-07-07 17:58:01\",\"visible\":1},\"data\":{\"id\":77,\"nombre\":\"rock\",\"facultad\":\"Facultad de Ciencias y Tecnologia\",\"telefono\":\"4517898\",\"created_at\":\"2021-07-10 19:23:22\",\"updated_at\":\"2021-07-10 19:23:36\",\"visible\":1}}','2021-07-10 19:23:37','2021-07-10 19:23:37'),(453,'unidad','deleted',71,'App\\Models\\Unidad',24,'App\\Models\\User','{\"ip\":\"127.0.0.1\",\"user\":{\"id\":24,\"name\":\"Nelzon\",\"lastname\":\"Zuna Huanca\",\"email\":\"nelzon777@gmail.com\",\"cellphone\":\"65412333\",\"rol\":\"Administrador del sistema\",\"unidaddegasto\":\"Dpto. Informatica y Sistemas\",\"facultad\":null,\"unidad_id\":5,\"created_at\":\"2021-05-24 11:15:13\",\"updated_at\":\"2021-07-07 17:58:01\",\"visible\":1}}','2021-07-10 19:25:45','2021-07-10 19:25:45'),(454,'unidad','updated',77,'App\\Models\\Unidad',24,'App\\Models\\User','{\"ip\":\"127.0.0.1\",\"user\":{\"id\":24,\"name\":\"Nelzon\",\"lastname\":\"Zuna Huanca\",\"email\":\"nelzon777@gmail.com\",\"cellphone\":\"65412333\",\"rol\":\"Administrador del sistema\",\"unidaddegasto\":\"Dpto. Informatica y Sistemas\",\"facultad\":null,\"unidad_id\":5,\"created_at\":\"2021-05-24 11:15:13\",\"updated_at\":\"2021-07-07 17:58:01\",\"visible\":1},\"data\":{\"id\":77,\"nombre\":\"rock\",\"facultad\":\"Facultad de Ciencias y Tecnologia\",\"telefono\":\"4517666\",\"created_at\":\"2021-07-10 19:23:22\",\"updated_at\":\"2021-07-10 19:31:16\",\"visible\":1}}','2021-07-10 19:31:17','2021-07-10 19:31:17'),(455,'unidad','updated',77,'App\\Models\\Unidad',24,'App\\Models\\User','{\"ip\":\"127.0.0.1\",\"user\":{\"id\":24,\"name\":\"Nelzon\",\"lastname\":\"Zuna Huanca\",\"email\":\"nelzon777@gmail.com\",\"cellphone\":\"65412333\",\"rol\":\"Administrador del sistema\",\"unidaddegasto\":\"Dpto. Informatica y Sistemas\",\"facultad\":null,\"unidad_id\":5,\"created_at\":\"2021-05-24 11:15:13\",\"updated_at\":\"2021-07-07 17:58:01\",\"visible\":1},\"data\":{\"id\":77,\"nombre\":\"rockasd\",\"facultad\":\"Facultad de Ciencias y Tecnologia\",\"telefono\":\"4517666\",\"created_at\":\"2021-07-10 19:23:22\",\"updated_at\":\"2021-07-10 19:31:43\",\"visible\":1}}','2021-07-10 19:31:44','2021-07-10 19:31:44'),(456,'unidad','updated',77,'App\\Models\\Unidad',24,'App\\Models\\User','{\"ip\":\"127.0.0.1\",\"user\":{\"id\":24,\"name\":\"Nelzon\",\"lastname\":\"Zuna Huanca\",\"email\":\"nelzon777@gmail.com\",\"cellphone\":\"65412333\",\"rol\":\"Administrador del sistema\",\"unidaddegasto\":\"Dpto. Informatica y Sistemas\",\"facultad\":null,\"unidad_id\":5,\"created_at\":\"2021-05-24 11:15:13\",\"updated_at\":\"2021-07-07 17:58:01\",\"visible\":1},\"data\":{\"id\":77,\"nombre\":\"rockasd\",\"facultad\":\"Facultad de Ciencias y Tecnologia\",\"telefono\":\"4517666\",\"created_at\":\"2021-07-10 19:23:22\",\"updated_at\":\"2021-07-10 19:31:43\",\"visible\":1}}','2021-07-10 19:47:03','2021-07-10 19:47:03'),(457,'unidad','updated',77,'App\\Models\\Unidad',24,'App\\Models\\User','{\"ip\":\"127.0.0.1\",\"user\":{\"id\":24,\"name\":\"Nelzon\",\"lastname\":\"Zuna Huanca\",\"email\":\"nelzon777@gmail.com\",\"cellphone\":\"65412333\",\"rol\":\"Administrador del sistema\",\"unidaddegasto\":\"Dpto. Informatica y Sistemas\",\"facultad\":null,\"unidad_id\":5,\"created_at\":\"2021-05-24 11:15:13\",\"updated_at\":\"2021-07-07 17:58:01\",\"visible\":1},\"data\":{\"id\":77,\"nombre\":\"rockasduuu\",\"facultad\":\"Facultad de Ciencias y Tecnologia\",\"telefono\":\"4517666\",\"created_at\":\"2021-07-10 19:23:22\",\"updated_at\":\"2021-07-10 19:47:24\",\"visible\":1}}','2021-07-10 19:47:25','2021-07-10 19:47:25'),(458,'unidad','updated',77,'App\\Models\\Unidad',24,'App\\Models\\User','{\"ip\":\"127.0.0.1\",\"user\":{\"id\":24,\"name\":\"Nelzon\",\"lastname\":\"Zuna Huanca\",\"email\":\"nelzon777@gmail.com\",\"cellphone\":\"65412333\",\"rol\":\"Administrador del sistema\",\"unidaddegasto\":\"Dpto. Informatica y Sistemas\",\"facultad\":null,\"unidad_id\":5,\"created_at\":\"2021-05-24 11:15:13\",\"updated_at\":\"2021-07-07 17:58:01\",\"visible\":1},\"data\":{\"id\":77,\"nombre\":\"rockasduuu\",\"facultad\":\"Facultad de Ciencias y Tecnologia\",\"telefono\":\"4517111\",\"created_at\":\"2021-07-10 19:23:22\",\"updated_at\":\"2021-07-10 19:49:29\",\"visible\":1}}','2021-07-10 19:49:30','2021-07-10 19:49:30'),(459,'itemscotizados','created',76,'App\\Models\\ItemSuperior',24,'App\\Models\\User','{\"ip\":\"127.0.0.1\",\"user\":{\"id\":24,\"name\":\"Nelzon\",\"lastname\":\"Zuna Huanca\",\"email\":\"nelzon777@gmail.com\",\"cellphone\":\"65412333\",\"rol\":\"Administrador del sistema\",\"unidaddegasto\":\"Dpto. Informatica y Sistemas\",\"facultad\":null,\"unidad_id\":5,\"created_at\":\"2021-05-24 11:15:13\",\"updated_at\":\"2021-07-07 17:58:01\",\"visible\":1}}','2021-07-10 21:39:19','2021-07-10 21:39:19'),(460,'itemscotizados','created',77,'App\\Models\\ItemSuperior',24,'App\\Models\\User','{\"ip\":\"127.0.0.1\",\"user\":{\"id\":24,\"name\":\"Nelzon\",\"lastname\":\"Zuna Huanca\",\"email\":\"nelzon777@gmail.com\",\"cellphone\":\"65412333\",\"rol\":\"Administrador del sistema\",\"unidaddegasto\":\"Dpto. Informatica y Sistemas\",\"facultad\":null,\"unidad_id\":5,\"created_at\":\"2021-05-24 11:15:13\",\"updated_at\":\"2021-07-07 17:58:01\",\"visible\":1}}','2021-07-10 21:43:09','2021-07-10 21:43:09'),(461,'itemscotizados','created',79,'App\\Models\\ItemSuperior',24,'App\\Models\\User','{\"ip\":\"127.0.0.1\",\"user\":{\"id\":24,\"name\":\"Nelzon\",\"lastname\":\"Zuna Huanca\",\"email\":\"nelzon777@gmail.com\",\"cellphone\":\"65412333\",\"rol\":\"Administrador del sistema\",\"unidaddegasto\":\"Dpto. Informatica y Sistemas\",\"facultad\":null,\"unidad_id\":5,\"created_at\":\"2021-05-24 11:15:13\",\"updated_at\":\"2021-07-07 17:58:01\",\"visible\":1}}','2021-07-10 21:46:44','2021-07-10 21:46:44'),(462,'itemscotizados','created',80,'App\\Models\\ItemSuperior',24,'App\\Models\\User','{\"ip\":\"127.0.0.1\",\"user\":{\"id\":24,\"name\":\"Nelzon\",\"lastname\":\"Zuna Huanca\",\"email\":\"nelzon777@gmail.com\",\"cellphone\":\"65412333\",\"rol\":\"Administrador del sistema\",\"unidaddegasto\":\"Dpto. Informatica y Sistemas\",\"facultad\":null,\"unidad_id\":5,\"created_at\":\"2021-05-24 11:15:13\",\"updated_at\":\"2021-07-07 17:58:01\",\"visible\":1}}','2021-07-10 22:00:12','2021-07-10 22:00:12'),(463,'itemsuperior','deleted',77,'App\\Models\\ItemSuperior',24,'App\\Models\\User','{\"ip\":\"127.0.0.1\",\"user\":{\"id\":24,\"name\":\"Nelzon\",\"lastname\":\"Zuna Huanca\",\"email\":\"nelzon777@gmail.com\",\"cellphone\":\"65412333\",\"rol\":\"Administrador del sistema\",\"unidaddegasto\":\"Dpto. Informatica y Sistemas\",\"facultad\":null,\"unidad_id\":5,\"created_at\":\"2021-05-24 11:15:13\",\"updated_at\":\"2021-07-07 17:58:01\",\"visible\":1}}','2021-07-10 22:10:16','2021-07-10 22:10:16'),(464,'itemsuperior','deleted',80,'App\\Models\\ItemSuperior',24,'App\\Models\\User','{\"ip\":\"127.0.0.1\",\"user\":{\"id\":24,\"name\":\"Nelzon\",\"lastname\":\"Zuna Huanca\",\"email\":\"nelzon777@gmail.com\",\"cellphone\":\"65412333\",\"rol\":\"Administrador del sistema\",\"unidaddegasto\":\"Dpto. Informatica y Sistemas\",\"facultad\":null,\"unidad_id\":5,\"created_at\":\"2021-05-24 11:15:13\",\"updated_at\":\"2021-07-07 17:58:01\",\"visible\":1}}','2021-07-10 22:10:31','2021-07-10 22:10:31'),(465,'itemsuperior','deleted',76,'App\\Models\\ItemSuperior',24,'App\\Models\\User','{\"ip\":\"127.0.0.1\",\"user\":{\"id\":24,\"name\":\"Nelzon\",\"lastname\":\"Zuna Huanca\",\"email\":\"nelzon777@gmail.com\",\"cellphone\":\"65412333\",\"rol\":\"Administrador del sistema\",\"unidaddegasto\":\"Dpto. Informatica y Sistemas\",\"facultad\":null,\"unidad_id\":5,\"created_at\":\"2021-05-24 11:15:13\",\"updated_at\":\"2021-07-07 17:58:01\",\"visible\":1}}','2021-07-10 22:12:27','2021-07-10 22:12:27'),(466,'itemscotizados','created',82,'App\\Models\\ItemSuperior',24,'App\\Models\\User','{\"ip\":\"127.0.0.1\",\"user\":{\"id\":24,\"name\":\"Nelzon\",\"lastname\":\"Zuna Huanca\",\"email\":\"nelzon777@gmail.com\",\"cellphone\":\"65412333\",\"rol\":\"Administrador del sistema\",\"unidaddegasto\":\"Dpto. Informatica y Sistemas\",\"facultad\":null,\"unidad_id\":5,\"created_at\":\"2021-05-24 11:15:13\",\"updated_at\":\"2021-07-07 17:58:01\",\"visible\":1}}','2021-07-10 22:16:21','2021-07-10 22:16:21'),(467,'itemscotizados','created',83,'App\\Models\\ItemSuperior',24,'App\\Models\\User','{\"ip\":\"127.0.0.1\",\"user\":{\"id\":24,\"name\":\"Nelzon\",\"lastname\":\"Zuna Huanca\",\"email\":\"nelzon777@gmail.com\",\"cellphone\":\"65412333\",\"rol\":\"Administrador del sistema\",\"unidaddegasto\":\"Dpto. Informatica y Sistemas\",\"facultad\":null,\"unidad_id\":5,\"created_at\":\"2021-05-24 11:15:13\",\"updated_at\":\"2021-07-07 17:58:01\",\"visible\":1}}','2021-07-10 22:19:10','2021-07-10 22:19:10'),(468,'itemsuperior','deleted',82,'App\\Models\\ItemSuperior',24,'App\\Models\\User','{\"ip\":\"127.0.0.1\",\"user\":{\"id\":24,\"name\":\"Nelzon\",\"lastname\":\"Zuna Huanca\",\"email\":\"nelzon777@gmail.com\",\"cellphone\":\"65412333\",\"rol\":\"Administrador del sistema\",\"unidaddegasto\":\"Dpto. Informatica y Sistemas\",\"facultad\":null,\"unidad_id\":5,\"created_at\":\"2021-05-24 11:15:13\",\"updated_at\":\"2021-07-07 17:58:01\",\"visible\":1}}','2021-07-10 22:22:02','2021-07-10 22:22:02'),(469,'itemsuperior','deleted',75,'App\\Models\\ItemSuperior',24,'App\\Models\\User','{\"ip\":\"127.0.0.1\",\"user\":{\"id\":24,\"name\":\"Nelzon\",\"lastname\":\"Zuna Huanca\",\"email\":\"nelzon777@gmail.com\",\"cellphone\":\"65412333\",\"rol\":\"Administrador del sistema\",\"unidaddegasto\":\"Dpto. Informatica y Sistemas\",\"facultad\":null,\"unidad_id\":5,\"created_at\":\"2021-05-24 11:15:13\",\"updated_at\":\"2021-07-07 17:58:01\",\"visible\":1}}','2021-07-10 22:22:08','2021-07-10 22:22:08'),(470,'itemsuperior','deleted',73,'App\\Models\\ItemSuperior',24,'App\\Models\\User','{\"ip\":\"127.0.0.1\",\"user\":{\"id\":24,\"name\":\"Nelzon\",\"lastname\":\"Zuna Huanca\",\"email\":\"nelzon777@gmail.com\",\"cellphone\":\"65412333\",\"rol\":\"Administrador del sistema\",\"unidaddegasto\":\"Dpto. Informatica y Sistemas\",\"facultad\":null,\"unidad_id\":5,\"created_at\":\"2021-05-24 11:15:13\",\"updated_at\":\"2021-07-07 17:58:01\",\"visible\":1}}','2021-07-10 22:22:14','2021-07-10 22:22:14'),(471,'itemsuperior','deleted',70,'App\\Models\\ItemSuperior',24,'App\\Models\\User','{\"ip\":\"127.0.0.1\",\"user\":{\"id\":24,\"name\":\"Nelzon\",\"lastname\":\"Zuna Huanca\",\"email\":\"nelzon777@gmail.com\",\"cellphone\":\"65412333\",\"rol\":\"Administrador del sistema\",\"unidaddegasto\":\"Dpto. Informatica y Sistemas\",\"facultad\":null,\"unidad_id\":5,\"created_at\":\"2021-05-24 11:15:13\",\"updated_at\":\"2021-07-07 17:58:01\",\"visible\":1}}','2021-07-10 22:22:18','2021-07-10 22:22:18'),(472,'itemsuperior','updated',83,'App\\Models\\ItemSuperior',24,'App\\Models\\User','{\"ip\":\"10.63.102.120\",\"user\":{\"id\":24,\"name\":\"Nelzon\",\"lastname\":\"Zuna Huanca\",\"email\":\"nelzon777@gmail.com\",\"cellphone\":\"65412333\",\"rol\":\"Administrador del sistema\",\"unidaddegasto\":\"Dpto. Informatica y Sistemas\",\"facultad\":null,\"unidad_id\":5,\"created_at\":\"2021-05-24 11:15:13\",\"updated_at\":\"2021-07-07 17:58:01\",\"visible\":1}}','2021-07-10 22:34:32','2021-07-10 22:34:32'),(473,'items','created',71,'App\\Models\\Item',24,'App\\Models\\User','{\"ip\":\"10.5.196.194\",\"user\":{\"id\":24,\"name\":\"Nelzon\",\"lastname\":\"Zuna Huanca\",\"email\":\"nelzon777@gmail.com\",\"cellphone\":\"65412333\",\"rol\":\"Administrador del sistema\",\"unidaddegasto\":\"Dpto. Informatica y Sistemas\",\"facultad\":null,\"unidad_id\":5,\"created_at\":\"2021-05-24 11:15:13\",\"updated_at\":\"2021-07-07 17:58:01\",\"visible\":1}}','2021-07-11 09:31:46','2021-07-11 09:31:46'),(474,'items','created',72,'App\\Models\\Item',24,'App\\Models\\User','{\"ip\":\"10.47.181.239\",\"user\":{\"id\":24,\"name\":\"Nelzon\",\"lastname\":\"Zuna Huanca\",\"email\":\"nelzon777@gmail.com\",\"cellphone\":\"65412333\",\"rol\":\"Administrador del sistema\",\"unidaddegasto\":\"Dpto. Informatica y Sistemas\",\"facultad\":null,\"unidad_id\":5,\"created_at\":\"2021-05-24 11:15:13\",\"updated_at\":\"2021-07-07 17:58:01\",\"visible\":1}}','2021-07-11 09:34:39','2021-07-11 09:34:39'),(475,'items','created',73,'App\\Models\\Item',24,'App\\Models\\User','{\"ip\":\"127.0.0.1\",\"user\":{\"id\":24,\"name\":\"Nelzon\",\"lastname\":\"Zuna Huanca\",\"email\":\"nelzon777@gmail.com\",\"cellphone\":\"65412333\",\"rol\":\"Administrador del sistema\",\"unidaddegasto\":\"Dpto. Informatica y Sistemas\",\"facultad\":null,\"unidad_id\":5,\"created_at\":\"2021-05-24 11:15:13\",\"updated_at\":\"2021-07-07 17:58:01\",\"visible\":1}}','2021-07-11 09:51:27','2021-07-11 09:51:27'),(476,'items','created',74,'App\\Models\\Item',24,'App\\Models\\User','{\"ip\":\"127.0.0.1\",\"user\":{\"id\":24,\"name\":\"Nelzon\",\"lastname\":\"Zuna Huanca\",\"email\":\"nelzon777@gmail.com\",\"cellphone\":\"65412333\",\"rol\":\"Administrador del sistema\",\"unidaddegasto\":\"Dpto. Informatica y Sistemas\",\"facultad\":null,\"unidad_id\":5,\"created_at\":\"2021-05-24 11:15:13\",\"updated_at\":\"2021-07-07 17:58:01\",\"visible\":1}}','2021-07-11 09:52:44','2021-07-11 09:52:44'),(477,'items','created',75,'App\\Models\\Item',24,'App\\Models\\User','{\"ip\":\"127.0.0.1\",\"user\":{\"id\":24,\"name\":\"Nelzon\",\"lastname\":\"Zuna Huanca\",\"email\":\"nelzon777@gmail.com\",\"cellphone\":\"65412333\",\"rol\":\"Administrador del sistema\",\"unidaddegasto\":\"Dpto. Informatica y Sistemas\",\"facultad\":null,\"unidad_id\":5,\"created_at\":\"2021-05-24 11:15:13\",\"updated_at\":\"2021-07-07 17:58:01\",\"visible\":1}}','2021-07-11 09:58:33','2021-07-11 09:58:33'),(478,'items','deleted',75,'App\\Models\\Item',24,'App\\Models\\User','{\"ip\":\"10.45.246.133\",\"user\":{\"id\":24,\"name\":\"Nelzon\",\"lastname\":\"Zuna Huanca\",\"email\":\"nelzon777@gmail.com\",\"cellphone\":\"65412333\",\"rol\":\"Administrador del sistema\",\"unidaddegasto\":\"Dpto. Informatica y Sistemas\",\"facultad\":null,\"unidad_id\":5,\"created_at\":\"2021-05-24 11:15:13\",\"updated_at\":\"2021-07-07 17:58:01\",\"visible\":1}}','2021-07-11 09:58:42','2021-07-11 09:58:42'),(479,'items','created',76,'App\\Models\\Item',24,'App\\Models\\User','{\"ip\":\"127.0.0.1\",\"user\":{\"id\":24,\"name\":\"Nelzon\",\"lastname\":\"Zuna Huanca\",\"email\":\"nelzon777@gmail.com\",\"cellphone\":\"65412333\",\"rol\":\"Administrador del sistema\",\"unidaddegasto\":\"Dpto. Informatica y Sistemas\",\"facultad\":null,\"unidad_id\":5,\"created_at\":\"2021-05-24 11:15:13\",\"updated_at\":\"2021-07-07 17:58:01\",\"visible\":1}}','2021-07-11 09:59:50','2021-07-11 09:59:50'),(480,'items','deleted',76,'App\\Models\\Item',24,'App\\Models\\User','{\"ip\":\"127.0.0.1\",\"user\":{\"id\":24,\"name\":\"Nelzon\",\"lastname\":\"Zuna Huanca\",\"email\":\"nelzon777@gmail.com\",\"cellphone\":\"65412333\",\"rol\":\"Administrador del sistema\",\"unidaddegasto\":\"Dpto. Informatica y Sistemas\",\"facultad\":null,\"unidad_id\":5,\"created_at\":\"2021-05-24 11:15:13\",\"updated_at\":\"2021-07-07 17:58:01\",\"visible\":1}}','2021-07-11 10:06:47','2021-07-11 10:06:47'),(481,'items','deleted',74,'App\\Models\\Item',24,'App\\Models\\User','{\"ip\":\"127.0.0.1\",\"user\":{\"id\":24,\"name\":\"Nelzon\",\"lastname\":\"Zuna Huanca\",\"email\":\"nelzon777@gmail.com\",\"cellphone\":\"65412333\",\"rol\":\"Administrador del sistema\",\"unidaddegasto\":\"Dpto. Informatica y Sistemas\",\"facultad\":null,\"unidad_id\":5,\"created_at\":\"2021-05-24 11:15:13\",\"updated_at\":\"2021-07-07 17:58:01\",\"visible\":1}}','2021-07-11 10:12:51','2021-07-11 10:12:51'),(482,'items','deleted',73,'App\\Models\\Item',24,'App\\Models\\User','{\"ip\":\"127.0.0.1\",\"user\":{\"id\":24,\"name\":\"Nelzon\",\"lastname\":\"Zuna Huanca\",\"email\":\"nelzon777@gmail.com\",\"cellphone\":\"65412333\",\"rol\":\"Administrador del sistema\",\"unidaddegasto\":\"Dpto. Informatica y Sistemas\",\"facultad\":null,\"unidad_id\":5,\"created_at\":\"2021-05-24 11:15:13\",\"updated_at\":\"2021-07-07 17:58:01\",\"visible\":1}}','2021-07-11 10:12:59','2021-07-11 10:12:59'),(483,'items','deleted',69,'App\\Models\\Item',24,'App\\Models\\User','{\"ip\":\"127.0.0.1\",\"user\":{\"id\":24,\"name\":\"Nelzon\",\"lastname\":\"Zuna Huanca\",\"email\":\"nelzon777@gmail.com\",\"cellphone\":\"65412333\",\"rol\":\"Administrador del sistema\",\"unidaddegasto\":\"Dpto. Informatica y Sistemas\",\"facultad\":null,\"unidad_id\":5,\"created_at\":\"2021-05-24 11:15:13\",\"updated_at\":\"2021-07-07 17:58:01\",\"visible\":1}}','2021-07-11 10:13:06','2021-07-11 10:13:06'),(484,'items','deleted',70,'App\\Models\\Item',24,'App\\Models\\User','{\"ip\":\"127.0.0.1\",\"user\":{\"id\":24,\"name\":\"Nelzon\",\"lastname\":\"Zuna Huanca\",\"email\":\"nelzon777@gmail.com\",\"cellphone\":\"65412333\",\"rol\":\"Administrador del sistema\",\"unidaddegasto\":\"Dpto. Informatica y Sistemas\",\"facultad\":null,\"unidad_id\":5,\"created_at\":\"2021-05-24 11:15:13\",\"updated_at\":\"2021-07-07 17:58:01\",\"visible\":1}}','2021-07-11 10:13:23','2021-07-11 10:13:23'),(485,'items','deleted',71,'App\\Models\\Item',24,'App\\Models\\User','{\"ip\":\"127.0.0.1\",\"user\":{\"id\":24,\"name\":\"Nelzon\",\"lastname\":\"Zuna Huanca\",\"email\":\"nelzon777@gmail.com\",\"cellphone\":\"65412333\",\"rol\":\"Administrador del sistema\",\"unidaddegasto\":\"Dpto. Informatica y Sistemas\",\"facultad\":null,\"unidad_id\":5,\"created_at\":\"2021-05-24 11:15:13\",\"updated_at\":\"2021-07-07 17:58:01\",\"visible\":1}}','2021-07-11 10:13:31','2021-07-11 10:13:31'),(486,'items','deleted',72,'App\\Models\\Item',24,'App\\Models\\User','{\"ip\":\"127.0.0.1\",\"user\":{\"id\":24,\"name\":\"Nelzon\",\"lastname\":\"Zuna Huanca\",\"email\":\"nelzon777@gmail.com\",\"cellphone\":\"65412333\",\"rol\":\"Administrador del sistema\",\"unidaddegasto\":\"Dpto. Informatica y Sistemas\",\"facultad\":null,\"unidad_id\":5,\"created_at\":\"2021-05-24 11:15:13\",\"updated_at\":\"2021-07-07 17:58:01\",\"visible\":1}}','2021-07-11 10:13:44','2021-07-11 10:13:44'),(487,'items','created',77,'App\\Models\\Item',24,'App\\Models\\User','{\"ip\":\"127.0.0.1\",\"user\":{\"id\":24,\"name\":\"Nelzon\",\"lastname\":\"Zuna Huanca\",\"email\":\"nelzon777@gmail.com\",\"cellphone\":\"65412333\",\"rol\":\"Administrador del sistema\",\"unidaddegasto\":\"Dpto. Informatica y Sistemas\",\"facultad\":null,\"unidad_id\":5,\"created_at\":\"2021-05-24 11:15:13\",\"updated_at\":\"2021-07-07 17:58:01\",\"visible\":1}}','2021-07-11 10:20:39','2021-07-11 10:20:39'),(488,'items','updated',78,'App\\Models\\Item',24,'App\\Models\\User','{\"ip\":\"10.43.213.231\",\"user\":{\"id\":24,\"name\":\"Nelzon\",\"lastname\":\"Zuna Huanca\",\"email\":\"nelzon777@gmail.com\",\"cellphone\":\"65412333\",\"rol\":\"Administrador del sistema\",\"unidaddegasto\":\"Dpto. Informatica y Sistemas\",\"facultad\":null,\"unidad_id\":5,\"created_at\":\"2021-05-24 11:15:13\",\"updated_at\":\"2021-07-07 17:58:01\",\"visible\":1}}','2021-07-11 10:53:56','2021-07-11 10:53:56'),(489,'items','created',79,'App\\Models\\Item',24,'App\\Models\\User','{\"ip\":\"127.0.0.1\",\"user\":{\"id\":24,\"name\":\"Nelzon\",\"lastname\":\"Zuna Huanca\",\"email\":\"nelzon777@gmail.com\",\"cellphone\":\"65412333\",\"rol\":\"Administrador del sistema\",\"unidaddegasto\":\"Dpto. Informatica y Sistemas\",\"facultad\":null,\"unidad_id\":5,\"created_at\":\"2021-05-24 11:15:13\",\"updated_at\":\"2021-07-07 17:58:01\",\"visible\":1}}','2021-07-11 10:54:39','2021-07-11 10:54:39'),(490,'items','updated',79,'App\\Models\\Item',24,'App\\Models\\User','{\"ip\":\"10.43.213.231\",\"user\":{\"id\":24,\"name\":\"Nelzon\",\"lastname\":\"Zuna Huanca\",\"email\":\"nelzon777@gmail.com\",\"cellphone\":\"65412333\",\"rol\":\"Administrador del sistema\",\"unidaddegasto\":\"Dpto. Informatica y Sistemas\",\"facultad\":null,\"unidad_id\":5,\"created_at\":\"2021-05-24 11:15:13\",\"updated_at\":\"2021-07-07 17:58:01\",\"visible\":1}}','2021-07-11 10:54:53','2021-07-11 10:54:53'),(491,'items','deleted',79,'App\\Models\\Item',24,'App\\Models\\User','{\"ip\":\"127.0.0.1\",\"user\":{\"id\":24,\"name\":\"Nelzon\",\"lastname\":\"Zuna Huanca\",\"email\":\"nelzon777@gmail.com\",\"cellphone\":\"65412333\",\"rol\":\"Administrador del sistema\",\"unidaddegasto\":\"Dpto. Informatica y Sistemas\",\"facultad\":null,\"unidad_id\":5,\"created_at\":\"2021-05-24 11:15:13\",\"updated_at\":\"2021-07-07 17:58:01\",\"visible\":1}}','2021-07-11 10:55:33','2021-07-11 10:55:33'),(492,'items','created',80,'App\\Models\\Item',24,'App\\Models\\User','{\"ip\":\"127.0.0.1\",\"user\":{\"id\":24,\"name\":\"Nelzon\",\"lastname\":\"Zuna Huanca\",\"email\":\"nelzon777@gmail.com\",\"cellphone\":\"65412333\",\"rol\":\"Administrador del sistema\",\"unidaddegasto\":\"Dpto. Informatica y Sistemas\",\"facultad\":null,\"unidad_id\":5,\"created_at\":\"2021-05-24 11:15:13\",\"updated_at\":\"2021-07-07 17:58:01\",\"visible\":1}}','2021-07-11 10:56:00','2021-07-11 10:56:00'),(493,'facultad','deleted',2,'App\\Models\\Facultad',24,'App\\Models\\User','{\"ip\":\"127.0.0.1\",\"user\":{\"id\":24,\"name\":\"Nelzon\",\"lastname\":\"Zuna Huanca\",\"email\":\"nelzon777@gmail.com\",\"cellphone\":\"65412333\",\"rol\":\"Administrador del sistema\",\"unidaddegasto\":\"Dpto. Informatica y Sistemas\",\"facultad\":null,\"unidad_id\":5,\"created_at\":\"2021-05-24 11:15:13\",\"updated_at\":\"2021-07-07 17:58:01\",\"visible\":1}}','2021-07-11 13:50:39','2021-07-11 13:50:39'),(494,'facultad','deleted',3,'App\\Models\\Facultad',24,'App\\Models\\User','{\"ip\":\"127.0.0.1\",\"user\":{\"id\":24,\"name\":\"Nelzon\",\"lastname\":\"Zuna Huanca\",\"email\":\"nelzon777@gmail.com\",\"cellphone\":\"65412333\",\"rol\":\"Administrador del sistema\",\"unidaddegasto\":\"Dpto. Informatica y Sistemas\",\"facultad\":null,\"unidad_id\":5,\"created_at\":\"2021-05-24 11:15:13\",\"updated_at\":\"2021-07-07 17:58:01\",\"visible\":1}}','2021-07-11 13:51:17','2021-07-11 13:51:17'),(495,'rol','updated',10,'App\\Models\\Rol',39,'App\\Models\\User','{\"ip\":\"10.102.247.55\",\"user\":{\"id\":39,\"name\":\"Juan Lucho\",\"lastname\":\"Lopez\",\"email\":\"jlucho@gmail.com\",\"cellphone\":\"65465465\",\"rol\":\"Jefe\",\"unidaddegasto\":\"Dpt de Derecho\",\"facultad\":null,\"unidad_id\":15,\"created_at\":\"2021-06-23 15:04:40\",\"updated_at\":\"2021-06-23 15:04:40\",\"visible\":1}}','2021-07-11 14:12:09','2021-07-11 14:12:09'),(496,'rol','updated',10,'App\\Models\\Rol',39,'App\\Models\\User','{\"ip\":\"10.102.247.55\",\"user\":{\"id\":39,\"name\":\"Juan Lucho\",\"lastname\":\"Lopez\",\"email\":\"jlucho@gmail.com\",\"cellphone\":\"65465465\",\"rol\":\"Jefe\",\"unidaddegasto\":\"Dpt de Derecho\",\"facultad\":null,\"unidad_id\":15,\"created_at\":\"2021-06-23 15:04:40\",\"updated_at\":\"2021-06-23 15:04:40\",\"visible\":1}}','2021-07-11 14:12:24','2021-07-11 14:12:24'),(497,'usuario','updated',9,'App\\Models\\User',24,'App\\Models\\User','{\"ip\":\"10.101.137.61\",\"user\":{\"id\":24,\"name\":\"Nelzon\",\"lastname\":\"Zuna Huanca\",\"email\":\"nelzon777@gmail.com\",\"cellphone\":\"65412333\",\"rol\":\"Administrador del sistema\",\"unidaddegasto\":\"Dpto. Informatica y Sistemas\",\"facultad\":null,\"unidad_id\":5,\"created_at\":\"2021-05-24 11:15:13\",\"updated_at\":\"2021-07-07 17:58:01\",\"visible\":1}}','2021-07-11 14:18:51','2021-07-11 14:18:51'),(498,'items','updated',3,'App\\Models\\Item',4,'App\\Models\\User','{\"ip\":\"10.47.181.239\",\"user\":{\"id\":4,\"name\":\"Enrrique\",\"lastname\":\"Vallejos\",\"email\":\"enrrique777@gmail.com\",\"cellphone\":\"76997476\",\"rol\":\"Administrador del sistema\",\"unidaddegasto\":\"Dpto. Informatica y Sistemas\",\"facultad\":\"\",\"unidad_id\":5,\"created_at\":\"2021-05-11 23:27:42\",\"updated_at\":\"2021-07-07 17:57:07\",\"visible\":1}}','2021-07-11 18:49:50','2021-07-11 18:49:50'),(499,'items','updated',1,'App\\Models\\Item',4,'App\\Models\\User','{\"ip\":\"10.31.78.54\",\"user\":{\"id\":4,\"name\":\"Enrrique\",\"lastname\":\"Vallejos\",\"email\":\"enrrique777@gmail.com\",\"cellphone\":\"76997476\",\"rol\":\"Administrador del sistema\",\"unidaddegasto\":\"Dpto. Informatica y Sistemas\",\"facultad\":\"\",\"unidad_id\":5,\"created_at\":\"2021-05-11 23:27:42\",\"updated_at\":\"2021-07-07 17:57:07\",\"visible\":1},\"nuevo\":{\"descrip\":\"Mando superior en una unidad de gasto\"},\"anterior\":{\"id\":1,\"nomitem\":\"lapicero\",\"descrip\":\"Mando superior en una unidad de gasto\",\"item_general_id\":1,\"created_at\":null,\"updated_at\":\"2021-07-11 19:02:08\",\"visible\":1}}','2021-07-11 19:02:08','2021-07-11 19:02:08'),(500,'items','updated',1,'App\\Models\\Item',4,'App\\Models\\User','{\"ip\":\"10.31.89.92\",\"user\":{\"id\":4,\"name\":\"Enrrique\",\"lastname\":\"Vallejos\",\"email\":\"enrrique777@gmail.com\",\"cellphone\":\"76997476\",\"rol\":\"Administrador del sistema\",\"unidaddegasto\":\"Dpto. Informatica y Sistemas\",\"facultad\":\"\",\"unidad_id\":5,\"created_at\":\"2021-05-11 23:27:42\",\"updated_at\":\"2021-07-07 17:57:07\",\"visible\":1},\"nuevo\":{\"nomitem\":\"Lapicero\",\"descrip\":\"Lapicero simple...\"},\"anterior\":{\"id\":1,\"nomitem\":\"Lapicero\",\"descrip\":\"Lapicero simple...\",\"item_general_id\":1,\"created_at\":null,\"updated_at\":\"2021-07-11 19:46:13\",\"visible\":1}}','2021-07-11 19:46:14','2021-07-11 19:46:14'),(501,'items','updated',1,'App\\Models\\Item',4,'App\\Models\\User','{\"ip\":\"10.9.251.250\",\"user\":{\"id\":4,\"name\":\"Enrrique\",\"lastname\":\"Vallejos\",\"email\":\"enrrique777@gmail.com\",\"cellphone\":\"76997476\",\"rol\":\"Administrador del sistema\",\"unidaddegasto\":\"Dpto. Informatica y Sistemas\",\"facultad\":\"\",\"unidad_id\":5,\"created_at\":\"2021-05-11 23:27:42\",\"updated_at\":\"2021-07-07 17:57:07\",\"visible\":1},\"nuevo\":{\"descrip\":\"Lapicero simple\"},\"anterior\":{\"id\":1,\"nomitem\":\"Lapicero\",\"descrip\":\"Lapicero simple\",\"item_general_id\":1,\"created_at\":null,\"updated_at\":\"2021-07-11 19:50:44\",\"visible\":1}}','2021-07-11 19:50:44','2021-07-11 19:50:44'),(502,'facultad','deleted',4,'App\\Models\\Facultad',24,'App\\Models\\User','{\"ip\":\"127.0.0.1\",\"user\":{\"id\":24,\"name\":\"Nelzon\",\"lastname\":\"Zuna Huanca\",\"email\":\"nelzon777@gmail.com\",\"cellphone\":\"65412333\",\"rol\":\"Administrador del sistema\",\"unidaddegasto\":\"Dpto. Informatica y Sistemas\",\"facultad\":null,\"unidad_id\":5,\"created_at\":\"2021-05-24 11:15:13\",\"updated_at\":\"2021-07-07 17:58:01\",\"visible\":1}}','2021-07-11 20:22:19','2021-07-11 20:22:19'),(503,'facultad','deleted',3,'App\\Models\\Facultad',24,'App\\Models\\User','{\"ip\":\"127.0.0.1\",\"user\":{\"id\":24,\"name\":\"Nelzon\",\"lastname\":\"Zuna Huanca\",\"email\":\"nelzon777@gmail.com\",\"cellphone\":\"65412333\",\"rol\":\"Administrador del sistema\",\"unidaddegasto\":\"Dpto. Informatica y Sistemas\",\"facultad\":null,\"unidad_id\":5,\"created_at\":\"2021-05-24 11:15:13\",\"updated_at\":\"2021-07-07 17:58:01\",\"visible\":1}}','2021-07-11 20:22:36','2021-07-11 20:22:36'),(504,'facultad','deleted',1,'App\\Models\\Facultad',24,'App\\Models\\User','{\"ip\":\"127.0.0.1\",\"user\":{\"id\":24,\"name\":\"Nelzon\",\"lastname\":\"Zuna Huanca\",\"email\":\"nelzon777@gmail.com\",\"cellphone\":\"65412333\",\"rol\":\"Administrador del sistema\",\"unidaddegasto\":\"Dpto. Informatica y Sistemas\",\"facultad\":null,\"unidad_id\":5,\"created_at\":\"2021-05-24 11:15:13\",\"updated_at\":\"2021-07-07 17:58:01\",\"visible\":1}}','2021-07-11 20:22:52','2021-07-11 20:22:52'),(505,'solicitudes','created',78,'App\\Models\\Unidad',4,'App\\Models\\User','{\"ip\":\"127.0.0.1\",\"user\":{\"id\":4,\"name\":\"Enrrique\",\"lastname\":\"Vallejos\",\"email\":\"enrrique777@gmail.com\",\"cellphone\":\"76997476\",\"rol\":\"Administrador del sistema\",\"unidaddegasto\":\"Dpto. Informatica y Sistemas\",\"facultad\":\"\",\"unidad_id\":5,\"created_at\":\"2021-05-11 23:27:42\",\"updated_at\":\"2021-07-07 17:57:07\",\"visible\":1},\"nuevo\":{\"nombre\":\"Last Unit\",\"facultad\":\"Facultad Economia\",\"telefono\":\"4588984\",\"visible\":\"1\",\"updated_at\":\"2021-07-11 21:06:21\",\"created_at\":\"2021-07-11 21:06:21\",\"id\":78}}','2021-07-11 21:06:23','2021-07-11 21:06:23'),(506,'unidad','updated',78,'App\\Models\\Unidad',4,'App\\Models\\User','{\"ip\":\"127.0.0.1\",\"user\":{\"id\":4,\"name\":\"Enrrique\",\"lastname\":\"Vallejos\",\"email\":\"enrrique777@gmail.com\",\"cellphone\":\"76997476\",\"rol\":\"Administrador del sistema\",\"unidaddegasto\":\"Dpto. Informatica y Sistemas\",\"facultad\":\"\",\"unidad_id\":5,\"created_at\":\"2021-05-11 23:27:42\",\"updated_at\":\"2021-07-07 17:57:07\",\"visible\":1},\"nuevo\":{\"id\":78,\"nombre\":\"Last Unitat\",\"facultad\":\"Facultad Economia\",\"telefono\":\"4588984\",\"created_at\":\"2021-07-11 21:06:21\",\"updated_at\":\"2021-07-11 21:07:07\",\"visible\":1},\"anterior\":{\"id\":78,\"nombre\":\"Last Unitat\",\"facultad\":\"Facultad Economia\",\"telefono\":\"4588984\",\"created_at\":\"2021-07-11 21:06:21\",\"updated_at\":\"2021-07-11 21:07:07\",\"visible\":1}}','2021-07-11 21:07:08','2021-07-11 21:07:08'),(507,'facultades','deleted',5,'App\\Models\\Facultad',24,'App\\Models\\User','{\"ip\":\"127.0.0.1\",\"user\":{\"id\":24,\"name\":\"Nelzon\",\"lastname\":\"Zuna Huanca\",\"email\":\"nelzon777@gmail.com\",\"cellphone\":\"65412333\",\"rol\":\"Administrador del sistema\",\"unidaddegasto\":\"Dpto. Informatica y Sistemas\",\"facultad\":null,\"unidad_id\":5,\"created_at\":\"2021-05-24 11:15:13\",\"updated_at\":\"2021-07-07 17:58:01\",\"visible\":1},\"anterior\":{\"id\":5,\"nombre\":\"Fac. de Agronomia\",\"decano\":\"Lic. Calancha\",\"telefono\":\"4517898\",\"direccion\":\"Av. antofagasta #100\",\"correo\":\"7henry1995@gmail.com\",\"visible\":1,\"created_at\":\"2021-07-11 19:54:39\",\"updated_at\":\"2021-07-11 19:54:39\"}}','2021-07-11 23:42:14','2021-07-11 23:42:14'),(508,'facultades','update',NULL,NULL,24,'App\\Models\\User','{\"ip\":\"127.0.0.1\",\"user\":{\"id\":24,\"name\":\"Nelzon\",\"lastname\":\"Zuna Huanca\",\"email\":\"nelzon777@gmail.com\",\"cellphone\":\"65412333\",\"rol\":\"Administrador del sistema\",\"unidaddegasto\":\"Dpto. Informatica y Sistemas\",\"facultad\":null,\"unidad_id\":5,\"created_at\":\"2021-05-24 11:15:13\",\"updated_at\":\"2021-07-07 17:58:01\",\"visible\":1},\"nuevo\":{\"telefono\":\"555\"},\"anterior\":{\"id\":4,\"nombre\":\"rogelia\",\"decano\":\"odalis\",\"telefono\":\"555\",\"direccion\":\"noelia\",\"correo\":\"giancarla@gmail.com\",\"visible\":\"1\",\"created_at\":\"2021-07-11 13:48:07\",\"updated_at\":\"2021-07-11 23:44:13\"}}','2021-07-11 23:44:14','2021-07-11 23:44:14'),(509,'unidades','created',79,'App\\Models\\Unidad',24,'App\\Models\\User','{\"ip\":\"10.31.87.172\",\"user\":{\"id\":24,\"name\":\"Nelzon\",\"lastname\":\"Zuna Huanca\",\"email\":\"nelzon777@gmail.com\",\"cellphone\":\"65412333\",\"rol\":\"Administrador del sistema\",\"unidaddegasto\":\"Dpto. Informatica y Sistemas\",\"facultad\":null,\"unidad_id\":5,\"created_at\":\"2021-05-24 11:15:13\",\"updated_at\":\"2021-07-07 17:58:01\",\"visible\":1},\"nuevo\":{\"nombre\":\"odalis\",\"facultad\":\"rogelia\",\"telefono\":\"7897899\",\"visible\":\"1\",\"updated_at\":\"2021-07-12 00:01:04\",\"created_at\":\"2021-07-12 00:01:04\",\"id\":79}}','2021-07-12 00:01:04','2021-07-12 00:01:04'),(510,'unidad','updated',79,'App\\Models\\Unidad',24,'App\\Models\\User','{\"ip\":\"10.31.87.172\",\"user\":{\"id\":24,\"name\":\"Nelzon\",\"lastname\":\"Zuna Huanca\",\"email\":\"nelzon777@gmail.com\",\"cellphone\":\"65412333\",\"rol\":\"Administrador del sistema\",\"unidaddegasto\":\"Dpto. Informatica y Sistemas\",\"facultad\":null,\"unidad_id\":5,\"created_at\":\"2021-05-24 11:15:13\",\"updated_at\":\"2021-07-07 17:58:01\",\"visible\":1},\"nuevo\":[],\"anterior\":{\"id\":79,\"nombre\":\"odalis\",\"facultad\":\"rogelia\",\"telefono\":\"7897899\",\"created_at\":\"2021-07-12 00:01:04\",\"updated_at\":\"2021-07-12 00:01:04\",\"visible\":1}}','2021-07-12 00:01:37','2021-07-12 00:01:37'),(511,'unidades','created',80,'App\\Models\\Unidad',24,'App\\Models\\User','{\"ip\":\"10.33.255.188\",\"user\":{\"id\":24,\"name\":\"Nelzon\",\"lastname\":\"Zuna Huanca\",\"email\":\"nelzon777@gmail.com\",\"cellphone\":\"65412333\",\"rol\":\"Administrador del sistema\",\"unidaddegasto\":\"Dpto. Informatica y Sistemas\",\"facultad\":null,\"unidad_id\":5,\"created_at\":\"2021-05-24 11:15:13\",\"updated_at\":\"2021-07-07 17:58:01\",\"visible\":1},\"nuevo\":{\"nombre\":\"klkjlkkl\",\"facultad\":\"Fac. de Agronomia\",\"telefono\":\"4517898\",\"visible\":\"1\",\"updated_at\":\"2021-07-12 00:19:29\",\"created_at\":\"2021-07-12 00:19:29\",\"id\":80}}','2021-07-12 00:19:29','2021-07-12 00:19:29'),(512,'items','updated',1,'App\\Models\\Item',24,'App\\Models\\User','{\"ip\":\"10.91.247.19\",\"user\":{\"id\":24,\"name\":\"Nelzon\",\"lastname\":\"Zuna Huanca\",\"email\":\"nelzon777@gmail.com\",\"cellphone\":\"65412333\",\"rol\":\"Administrador del sistema\",\"unidaddegasto\":\"Dpto. Informatica y Sistemas\",\"facultad\":null,\"unidad_id\":5,\"created_at\":\"2021-05-24 11:15:13\",\"updated_at\":\"2021-07-07 17:58:01\",\"visible\":1},\"nuevo\":[],\"anterior\":{\"id\":1,\"nomitem\":\"Lapicero\",\"descrip\":\"Lapicero simple\",\"item_general_id\":\"1\",\"created_at\":null,\"updated_at\":\"2021-07-11 19:50:44\",\"visible\":1}}','2021-07-12 00:23:31','2021-07-12 00:23:31'),(513,'items','updated',1,'App\\Models\\Item',24,'App\\Models\\User','{\"ip\":\"10.33.255.188\",\"user\":{\"id\":24,\"name\":\"Nelzon\",\"lastname\":\"Zuna Huanca\",\"email\":\"nelzon777@gmail.com\",\"cellphone\":\"65412333\",\"rol\":\"Administrador del sistema\",\"unidaddegasto\":\"Dpto. Informatica y Sistemas\",\"facultad\":null,\"unidad_id\":5,\"created_at\":\"2021-05-24 11:15:13\",\"updated_at\":\"2021-07-07 17:58:01\",\"visible\":1},\"nuevo\":[],\"anterior\":{\"id\":1,\"nomitem\":\"Lapicero\",\"descrip\":\"Lapicero simple\",\"item_general_id\":\"1\",\"created_at\":null,\"updated_at\":\"2021-07-11 19:50:44\",\"visible\":1}}','2021-07-12 00:50:52','2021-07-12 00:50:52'),(514,'items','updated',80,'App\\Models\\Item',24,'App\\Models\\User','{\"ip\":\"10.33.255.188\",\"user\":{\"id\":24,\"name\":\"Nelzon\",\"lastname\":\"Zuna Huanca\",\"email\":\"nelzon777@gmail.com\",\"cellphone\":\"65412333\",\"rol\":\"Administrador del sistema\",\"unidaddegasto\":\"Dpto. Informatica y Sistemas\",\"facultad\":null,\"unidad_id\":5,\"created_at\":\"2021-05-24 11:15:13\",\"updated_at\":\"2021-07-07 17:58:01\",\"visible\":1},\"nuevo\":{\"item_general_id\":\"53\"},\"anterior\":{\"id\":80,\"nomitem\":\"Pruebaone\",\"descrip\":\"asd\",\"item_general_id\":\"53\",\"created_at\":\"2021-07-11 10:56:00\",\"updated_at\":\"2021-07-12 00:51:34\",\"visible\":1}}','2021-07-12 00:51:34','2021-07-12 00:51:34'),(515,'presupuesto','deleted',58,'App\\Models\\PresupuestoUnidad',24,'App\\Models\\User','{\"ip\":\"127.0.0.1\",\"user\":{\"id\":24,\"name\":\"Nelzon\",\"lastname\":\"Zuna Huanca\",\"email\":\"nelzon777@gmail.com\",\"cellphone\":\"65412333\",\"rol\":\"Administrador del sistema\",\"unidaddegasto\":\"Dpto. Informatica y Sistemas\",\"facultad\":null,\"unidad_id\":5,\"created_at\":\"2021-05-24 11:15:13\",\"updated_at\":\"2021-07-07 17:58:01\",\"visible\":1},\"anterior\":null}','2021-07-12 01:01:25','2021-07-12 01:01:25'),(516,'presupuesto','deleted',58,'App\\Models\\PresupuestoUnidad',24,'App\\Models\\User','{\"ip\":\"127.0.0.1\",\"user\":{\"id\":24,\"name\":\"Nelzon\",\"lastname\":\"Zuna Huanca\",\"email\":\"nelzon777@gmail.com\",\"cellphone\":\"65412333\",\"rol\":\"Administrador del sistema\",\"unidaddegasto\":\"Dpto. Informatica y Sistemas\",\"facultad\":null,\"unidad_id\":5,\"created_at\":\"2021-05-24 11:15:13\",\"updated_at\":\"2021-07-07 17:58:01\",\"visible\":1},\"anterior\":null}','2021-07-12 01:02:59','2021-07-12 01:02:59'),(517,'presupuesto','deleted',58,'App\\Models\\PresupuestoUnidad',24,'App\\Models\\User','{\"ip\":\"127.0.0.1\",\"user\":{\"id\":24,\"name\":\"Nelzon\",\"lastname\":\"Zuna Huanca\",\"email\":\"nelzon777@gmail.com\",\"cellphone\":\"65412333\",\"rol\":\"Administrador del sistema\",\"unidaddegasto\":\"Dpto. Informatica y Sistemas\",\"facultad\":null,\"unidad_id\":5,\"created_at\":\"2021-05-24 11:15:13\",\"updated_at\":\"2021-07-07 17:58:01\",\"visible\":1},\"anterior\":null}','2021-07-12 01:04:48','2021-07-12 01:04:48'),(518,'presupuesto','deleted',57,'App\\Models\\PresupuestoUnidad',24,'App\\Models\\User','{\"ip\":\"127.0.0.1\",\"user\":{\"id\":24,\"name\":\"Nelzon\",\"lastname\":\"Zuna Huanca\",\"email\":\"nelzon777@gmail.com\",\"cellphone\":\"65412333\",\"rol\":\"Administrador del sistema\",\"unidaddegasto\":\"Dpto. Informatica y Sistemas\",\"facultad\":null,\"unidad_id\":5,\"created_at\":\"2021-05-24 11:15:13\",\"updated_at\":\"2021-07-07 17:58:01\",\"visible\":1},\"anterior\":null}','2021-07-12 01:05:36','2021-07-12 01:05:36'),(519,'presupuesto','deleted',56,'App\\Models\\PresupuestoUnidad',24,'App\\Models\\User','{\"ip\":\"127.0.0.1\",\"user\":{\"id\":24,\"name\":\"Nelzon\",\"lastname\":\"Zuna Huanca\",\"email\":\"nelzon777@gmail.com\",\"cellphone\":\"65412333\",\"rol\":\"Administrador del sistema\",\"unidaddegasto\":\"Dpto. Informatica y Sistemas\",\"facultad\":null,\"unidad_id\":5,\"created_at\":\"2021-05-24 11:15:13\",\"updated_at\":\"2021-07-07 17:58:01\",\"visible\":1},\"anterior\":null}','2021-07-12 01:06:26','2021-07-12 01:06:26'),(520,'presupuesto','deleted',30,'App\\Models\\PresupuestoUnidad',24,'App\\Models\\User','{\"ip\":\"127.0.0.1\",\"user\":{\"id\":24,\"name\":\"Nelzon\",\"lastname\":\"Zuna Huanca\",\"email\":\"nelzon777@gmail.com\",\"cellphone\":\"65412333\",\"rol\":\"Administrador del sistema\",\"unidaddegasto\":\"Dpto. Informatica y Sistemas\",\"facultad\":null,\"unidad_id\":5,\"created_at\":\"2021-05-24 11:15:13\",\"updated_at\":\"2021-07-07 17:58:01\",\"visible\":1},\"anterior\":null}','2021-07-12 01:06:58','2021-07-12 01:06:58'),(521,'presupuesto','deleted',8,'App\\Models\\PresupuestoUnidad',24,'App\\Models\\User','{\"ip\":\"127.0.0.1\",\"user\":{\"id\":24,\"name\":\"Nelzon\",\"lastname\":\"Zuna Huanca\",\"email\":\"nelzon777@gmail.com\",\"cellphone\":\"65412333\",\"rol\":\"Administrador del sistema\",\"unidaddegasto\":\"Dpto. Informatica y Sistemas\",\"facultad\":null,\"unidad_id\":5,\"created_at\":\"2021-05-24 11:15:13\",\"updated_at\":\"2021-07-07 17:58:01\",\"visible\":1},\"anterior\":null}','2021-07-12 01:10:04','2021-07-12 01:10:04'),(522,'presupuesto','created',68,'App\\Models\\PresupuestoUnidad',24,'App\\Models\\User','{\"ip\":\"10.47.134.217\",\"user\":{\"id\":24,\"name\":\"Nelzon\",\"lastname\":\"Zuna Huanca\",\"email\":\"nelzon777@gmail.com\",\"cellphone\":\"65412333\",\"rol\":\"Administrador del sistema\",\"unidaddegasto\":\"Dpto. Informatica y Sistemas\",\"facultad\":null,\"unidad_id\":5,\"created_at\":\"2021-05-24 11:15:13\",\"updated_at\":\"2021-07-07 17:58:01\",\"visible\":1},\"nuevo\":{\"id_unidad\":13,\"presupuesto\":50000,\"gestion\":2021,\"updated_at\":\"2021-07-12 01:11:49\",\"created_at\":\"2021-07-12 01:11:49\",\"id\":68}}','2021-07-12 01:11:49','2021-07-12 01:11:49'),(523,'presupuesto','created',73,'App\\Models\\PresupuestoUnidad',24,'App\\Models\\User','{\"ip\":\"10.181.54.2\",\"user\":{\"id\":24,\"name\":\"Nelzon\",\"lastname\":\"Zuna Huanca\",\"email\":\"nelzon777@gmail.com\",\"cellphone\":\"65412333\",\"rol\":\"Administrador del sistema\",\"unidaddegasto\":\"Dpto. Informatica y Sistemas\",\"facultad\":null,\"unidad_id\":5,\"created_at\":\"2021-05-24 11:15:13\",\"updated_at\":\"2021-07-07 17:58:01\",\"visible\":1},\"nuevo\":{\"id_unidad\":59,\"presupuesto\":6666,\"gestion\":2021,\"updated_at\":\"2021-07-12 01:28:35\",\"created_at\":\"2021-07-12 01:28:35\",\"id\":73}}','2021-07-12 01:28:36','2021-07-12 01:28:36'),(524,'presupuesto','created',74,'App\\Models\\PresupuestoUnidad',24,'App\\Models\\User','{\"ip\":\"127.0.0.1\",\"user\":{\"id\":24,\"name\":\"Nelzon\",\"lastname\":\"Zuna Huanca\",\"email\":\"nelzon777@gmail.com\",\"cellphone\":\"65412333\",\"rol\":\"Administrador del sistema\",\"unidaddegasto\":\"Dpto. Informatica y Sistemas\",\"facultad\":null,\"unidad_id\":5,\"created_at\":\"2021-05-24 11:15:13\",\"updated_at\":\"2021-07-07 17:58:01\",\"visible\":1},\"nuevo\":{\"id_unidad\":62,\"presupuesto\":5666,\"gestion\":2021,\"visible\":\"1\",\"updated_at\":\"2021-07-12 01:30:25\",\"created_at\":\"2021-07-12 01:30:25\",\"id\":74}}','2021-07-12 01:30:26','2021-07-12 01:30:26'),(525,'presupuesto','deleted',74,'App\\Models\\PresupuestoUnidad',24,'App\\Models\\User','{\"ip\":\"127.0.0.1\",\"user\":{\"id\":24,\"name\":\"Nelzon\",\"lastname\":\"Zuna Huanca\",\"email\":\"nelzon777@gmail.com\",\"cellphone\":\"65412333\",\"rol\":\"Administrador del sistema\",\"unidaddegasto\":\"Dpto. Informatica y Sistemas\",\"facultad\":null,\"unidad_id\":5,\"created_at\":\"2021-05-24 11:15:13\",\"updated_at\":\"2021-07-07 17:58:01\",\"visible\":1},\"anterior\":null}','2021-07-12 01:30:50','2021-07-12 01:30:50'),(526,'presupuesto','updated',NULL,NULL,24,'App\\Models\\User','{\"ip\":\"10.95.173.203\",\"user\":{\"id\":24,\"name\":\"Nelzon\",\"lastname\":\"Zuna Huanca\",\"email\":\"nelzon777@gmail.com\",\"cellphone\":\"65412333\",\"rol\":\"Administrador del sistema\",\"unidaddegasto\":\"Dpto. Informatica y Sistemas\",\"facultad\":null,\"unidad_id\":5,\"created_at\":\"2021-05-24 11:15:13\",\"updated_at\":\"2021-07-07 17:58:01\",\"visible\":1},\"nuevo\":{\"presupuesto\":5777},\"anterior\":{\"id\":74,\"id_unidad\":62,\"presupuesto\":5777,\"gestion\":\"2021\",\"created_at\":\"2021-07-12 01:30:25\",\"updated_at\":\"2021-07-12 01:31:42\",\"visible\":1}}','2021-07-12 01:31:42','2021-07-12 01:31:42');
/*!40000 ALTER TABLE `activity_log` ENABLE KEYS */;
UNLOCK TABLES;
DROP TABLE IF EXISTS `cotizacion_items`;
/*!40101 SET @saved_cs_client     = @@character_set_client */;
/*!40101 SET character_set_client = utf8 */;
CREATE TABLE `cotizacion_items` (
  `id` int(10) unsigned NOT NULL AUTO_INCREMENT,
  `nombre` varchar(255) COLLATE utf8mb4_unicode_ci NOT NULL,
  `descripcion` varchar(255) COLLATE utf8mb4_unicode_ci NOT NULL,
  `cantidad` int(11) NOT NULL,
  `precioUnitario` double NOT NULL,
  `total` double NOT NULL,
  `created_at` timestamp NULL DEFAULT NULL,
  `updated_at` timestamp NULL DEFAULT NULL,
  `empresa_cotizacion_id` int(10) unsigned NOT NULL,
  PRIMARY KEY (`id`),
  KEY `cotizacion_items_empresa_cotizacion_id_foreign` (`empresa_cotizacion_id`),
  CONSTRAINT `cotizacion_items_empresa_cotizacion_id_foreign` FOREIGN KEY (`empresa_cotizacion_id`) REFERENCES `empresa_cotizacion` (`id`)
) ENGINE=InnoDB AUTO_INCREMENT=161 DEFAULT CHARSET=utf8mb4 COLLATE=utf8mb4_unicode_ci;
/*!40101 SET character_set_client = @saved_cs_client */;

LOCK TABLES `cotizacion_items` WRITE;
/*!40000 ALTER TABLE `cotizacion_items` DISABLE KEYS */;
INSERT INTO `cotizacion_items` VALUES (1,'Lapiceros','Con punta 0.5 disponibles en negro',1,38,38,NULL,NULL,2),(2,'Hojas','De calidad Print paper',100,0.5,50,NULL,NULL,2),(3,'sillas','color negro y blanco',10,50,500,'2021-06-04 12:38:38','2021-06-04 12:38:38',1),(4,'sillas','color negro y blanco',10,50,500,'2021-06-04 12:41:02','2021-06-04 12:41:02',1),(5,'sillas','color negro y blanco',10,50,500,'2021-06-04 13:00:13','2021-06-04 13:00:13',1),(12,'Lapiceros','Solo en negro',3,10,30,'2021-06-04 20:45:39','2021-06-04 20:45:39',4),(13,'Hojas','Simples para fotocopiadora',3,10,30,'2021-06-04 20:45:39','2021-06-04 20:45:39',4),(20,'Camila','qwawe',1,1,1,'2021-06-06 19:56:58','2021-06-06 19:56:58',5),(47,'Ram','nvidia',1,400,400,'2021-06-06 22:22:21','2021-06-06 22:22:21',1),(51,'Memoria Ram','Toshiba N',1,750,750,'2021-06-07 10:01:59','2021-06-07 10:01:59',23),(55,'Camara web','samsung',1,800,800,'2021-06-07 12:20:53','2021-06-07 12:20:53',26),(58,'Disco duro','solido',1,1120,1120,'2021-06-07 13:19:48','2021-06-07 13:19:48',28),(59,'Disco duro','solido',1,1120,1120,'2021-06-07 13:21:14','2021-06-07 13:21:14',29),(60,'Disco duro','solido rehusado',1,100,100,'2021-06-07 13:21:14','2021-06-07 13:21:14',29),(61,'Camara web','usado con cuatro mese de usuo',1,100,100,'2021-06-07 13:22:33','2021-06-07 13:22:33',29),(62,'Camara web tres','marca daewo',1,50,50,'2021-06-07 13:49:26','2021-06-07 13:49:26',30),(67,'Hojas','de colores',1,700,70,'2021-06-07 16:33:40','2021-06-07 16:33:40',38),(76,'Tarjeta madre','marca hp',1,1400,1400,'2021-06-07 19:48:45','2021-06-07 19:48:45',45),(80,'lapicero','azul que no mache',50,2,100,'2021-06-07 21:30:39','2021-06-07 21:30:39',19),(81,'lapicero','rojo',52,3,1234,'2021-06-07 21:30:39','2021-06-07 21:30:39',19),(83,'test','test',9,9,9,'2021-06-08 10:19:48','2021-06-08 10:19:48',6),(84,'Tarjeta madre','marca selenium',1,1500,1500,'2021-06-08 10:30:31','2021-06-08 10:30:31',47),(88,'Hojas','Delgadas',2,34,34,'2021-06-08 13:38:09','2021-06-08 13:38:09',6),(96,'lapiz','azul',20,5,100,'2021-06-08 15:10:41','2021-06-08 15:10:41',50),(97,'sillas','color negro y blanco',20,5,100,'2021-06-08 15:18:02','2021-06-08 15:18:02',46),(98,'lapices','rojo',1,1,1,'2021-06-08 15:20:47','2021-06-08 15:20:47',50),(103,'Silla de escritorio','Delgados barnizados',1,700,700,'2021-06-08 16:04:27','2021-06-08 16:04:27',55),(104,'Articulo','todo en orrden',1,450,450,'2021-06-08 16:56:25','2021-06-08 16:56:25',56),(105,'Tarjeta madre','Nueva',1,110,110,'2021-06-08 20:45:41','2021-06-08 20:45:41',66),(106,'Tarjeta madre','Nuevita pdf',1,1200,1200,'2021-06-08 21:28:35','2021-06-08 21:28:35',67),(109,'Lapicero','Solo color negro',1,48,48,'2021-06-11 17:21:14','2021-06-11 17:21:14',69),(110,'Hojas','De calidad print',100,1,100,'2021-06-11 17:21:14','2021-06-11 17:21:14',69),(117,'Disco duro','SSH',1,400,400,'2021-06-24 16:14:11','2021-06-24 16:14:11',126),(118,'Disco duro','Ninguna',1,540,540,'2021-06-24 16:43:56','2021-06-24 16:43:56',128),(119,'Barbijo','DDD',2,45,90,'2021-06-24 17:09:11','2021-06-24 17:09:11',129),(120,'Disco duro','ssh',1,400,400,'2021-06-24 20:59:56','2021-06-24 20:59:56',115),(121,'Disco duro','hhd',1,777,777,'2021-06-24 21:01:26','2021-06-24 21:01:26',116),(122,'Barbijo N95','Especiales para proteccion',1,66,69,'2021-06-25 10:22:21','2021-06-25 10:22:21',11),(123,'Mascara Transparente N22','Perfecto para exteriores',1,777,69,'2021-06-25 10:22:21','2021-06-25 10:22:21',11),(124,'Mascara Transparente N22','Perfecto para exteriores',1,77,2323,'2021-06-25 10:59:17','2021-06-25 10:59:17',11),(125,'Barbijo N95','Especiales para proteccion',1,78,123,'2021-06-25 10:59:17','2021-06-25 10:59:17',11),(126,'Mascara Transparente N22','Perfecto para exteriores',1,77,1233,'2021-06-25 11:03:35','2021-06-25 11:03:35',11),(127,'Barbijo N95','Especiales para proteccion',1,78,123,'2021-06-25 11:03:35','2021-06-25 11:03:35',11),(128,'Barbijo N95','Especiales para proteccion',1,66,987,'2021-06-25 11:04:28','2021-06-25 11:04:28',11),(129,'Mascara Transparente N22','Perfecto para exteriores',1,66,123,'2021-06-25 11:04:28','2021-06-25 11:04:28',11),(130,'Barbijo N95','Especiales para proteccion',1,69,456,'2021-06-25 11:05:16','2021-06-25 11:05:16',11),(131,'Mascara Transparente N22','Perfecto para exteriores',1,85,654,'2021-06-25 11:05:16','2021-06-25 11:05:16',11),(132,'Barbijo N95','Especiales para proteccion',1,78,6598,'2021-06-25 13:15:30','2021-06-25 13:15:30',11),(133,'Mascara Transparente N22','Perfecto para exteriores',1,77,6455,'2021-06-25 13:15:30','2021-06-25 13:15:30',11),(134,'Barbijo N95','Especiales para proteccion',1,78,4554,'2021-06-25 13:16:44','2021-06-25 13:16:44',11),(135,'Mascara Transparente N22','Perfecto para exteriores',1,77,4554,'2021-06-25 13:16:44','2021-06-25 13:16:44',11),(136,'Barbijo N95','Especiales para proteccion',1,78,12313,'2021-06-25 13:19:04','2021-06-25 13:19:04',11),(137,'Mascara Transparente N22','Perfecto para exteriores',1,77,123123,'2021-06-25 13:19:04','2021-06-25 13:19:04',11),(138,'Barbijo N95','Especiales para proteccion',1,78,123132,'2021-06-25 13:19:43','2021-06-25 13:19:43',11),(139,'Mascara Transparente N22','Perfecto para exteriores',1,77,123132,'2021-06-25 13:19:43','2021-06-25 13:19:43',11),(141,'Barbijo N95','Especiales para proteccion',1,78,123,'2021-06-25 13:20:28','2021-06-25 13:20:28',11),(142,'Barbijo N95','Especiales para proteccion',1,78,45,'2021-06-25 13:22:56','2021-06-25 13:22:56',11),(143,'Mascara Transparente N22','Perfecto para exteriores',1,77,45,'2021-06-25 13:22:56','2021-06-25 13:22:56',11),(144,'Mascara Transparente N22','Perfecto para exteriores',1,69,69,'2021-06-25 13:23:31','2021-06-25 13:23:31',11),(145,'Barbijo N95','Especiales para proteccion',1,69,69,'2021-06-25 13:23:31','2021-06-25 13:23:31',11),(146,'Barbijo N95','Especiales para proteccion',1,156,156,'2021-06-25 13:25:55','2021-06-25 13:25:55',11),(147,'Mascara Transparente N22','Perfecto para exteriores',1,156,156,'2021-06-25 13:25:55','2021-06-25 13:25:55',11),(148,'Barbijo N95','Especiales para proteccion',1,256,256,'2021-06-25 13:26:49','2021-06-25 13:26:49',11),(149,'Mascara Transparente N22','Perfecto para exteriores',1,256,256,'2021-06-25 13:26:49','2021-06-25 13:26:49',11),(150,'Tintas en polvo','...',1,1000,1000,'2021-06-25 13:50:51','2021-06-25 13:50:51',133),(151,'Tintas en polvo','...',1,1000,1000,'2021-06-25 13:52:31','2021-06-25 13:52:31',134),(152,'Memoria Ram','...',1,200,200,'2021-06-25 13:55:31','2021-06-25 13:55:31',135),(153,'Tarjeta madre','...',1,200,200,'2021-06-25 13:55:31','2021-06-25 13:55:31',135),(154,'Memoria Ram','...',1,70,70,'2021-06-25 14:00:30','2021-06-25 14:00:30',136),(155,'Tarjeta madre','...',1,70,70,'2021-06-25 14:00:30','2021-06-25 14:00:30',136),(156,'Hojas','...',1,500,500,'2021-06-25 14:07:35','2021-06-25 14:07:35',137),(157,'Barbijo N95','...',10,901,9000,'2021-06-25 19:05:20','2021-06-25 19:05:20',138),(158,'Liquido de limpieza','Ola para lavar trastes',1,400,400,'2021-06-26 12:33:04','2021-06-26 12:33:04',123),(159,'Lapiceros','Cajas de lapicero marca Monami de color negro y rojo',1,500,500,'2021-06-26 12:42:20','2021-06-26 12:42:20',140),(160,'Memoria Ram','toshiba',1,45,45,'2021-06-26 12:57:06','2021-06-26 12:57:06',141);
/*!40000 ALTER TABLE `cotizacion_items` ENABLE KEYS */;
UNLOCK TABLES;
DROP TABLE IF EXISTS `empresa_cotizacion`;
/*!40101 SET @saved_cs_client     = @@character_set_client */;
/*!40101 SET character_set_client = utf8 */;
CREATE TABLE `empresa_cotizacion` (
  `id` int(10) unsigned NOT NULL AUTO_INCREMENT,
  `observaciones` varchar(255) COLLATE utf8mb4_unicode_ci DEFAULT NULL,
  `plazo_de_entrega` varchar(255) COLLATE utf8mb4_unicode_ci DEFAULT NULL,
  `validez_oferta` varchar(255) COLLATE utf8mb4_unicode_ci DEFAULT NULL,
  `total` decimal(9,2) DEFAULT NULL,
  `cotizacion_pdf` blob,
  `eleccion` varchar(255) COLLATE utf8mb4_unicode_ci DEFAULT NULL,
  `created_at` timestamp NULL DEFAULT NULL,
  `updated_at` timestamp NULL DEFAULT NULL,
  `id_empresa` int(10) DEFAULT NULL,
  `id_solicitud` int(10) DEFAULT NULL,
  PRIMARY KEY (`id`),
  KEY `empresa_cotizacion_id_empresa_foreign` (`id_empresa`),
  KEY `empresa_cotizacion_id_solicitud_foreign` (`id_solicitud`)
) ENGINE=InnoDB AUTO_INCREMENT=142 DEFAULT CHARSET=utf8mb4 COLLATE=utf8mb4_unicode_ci;
/*!40101 SET character_set_client = @saved_cs_client */;

LOCK TABLES `empresa_cotizacion` WRITE;
/*!40000 ALTER TABLE `empresa_cotizacion` DISABLE KEYS */;
INSERT INTO `empresa_cotizacion` VALUES (1,'Se tiene todo lo requerido','7 dias','2021-06-17',77.00,'/pdf/pdf_1623199396.pdf',NULL,'2021-06-04 09:02:30','2021-06-08 20:43:17',2,12),(2,'Se tiene todo lo requerido','1 dia','2021-06-15',49.00,'/pdf/pdf_1623167330.pdf','Si',NULL,'2021-06-15 19:33:16',9,1),(3,'mal color','1 dias','05-05-2021',12.00,NULL,NULL,'2021-06-04 10:38:19','2021-06-04 13:35:35',3,6),(4,'Se tiene todo lo requerido','1 dia','2021-06-17',80.00,'/pdf/pdf_1624290600.pdf',NULL,NULL,'2021-06-21 11:50:03',2,1),(5,'Niguna','5 dias','2021-06-16',433.00,NULL,NULL,'2021-06-04 15:31:06','2021-06-06 21:59:10',2,6),(6,'ninguna','13 dias','2021-06-11',123.00,NULL,NULL,'2021-06-04 15:31:45','2021-06-08 10:19:49',1,1),(11,'massa','1 dia','2021-06-25',52.00,'/pdf/pdf_1624583530.pdf',NULL,'2021-06-04 18:04:15','2021-06-24 21:12:11',2,2),(13,NULL,NULL,NULL,NULL,NULL,NULL,'2021-06-06 22:20:44','2021-06-06 22:20:44',1,14),(15,'Niguna','115 dias','2021-06-26',401.00,NULL,NULL,'2021-06-06 22:58:33','2021-06-07 17:56:51',6,14),(16,NULL,NULL,NULL,NULL,NULL,NULL,'2021-06-07 08:54:41','2021-06-07 08:54:41',7,8),(18,NULL,NULL,NULL,NULL,NULL,NULL,'2021-06-07 09:10:03','2021-06-07 09:10:03',6,8),(19,'verificar lapices','3 meses','2021-07-08',100.00,NULL,NULL,'2021-06-07 09:39:12','2021-06-07 21:30:38',4,8),(21,NULL,NULL,NULL,NULL,NULL,NULL,'2021-06-07 09:41:53','2021-06-07 09:41:53',3,8),(23,'Es la nueva version que sacaron los de toshiba','2 mese','2021-07-04',750.00,NULL,'Si','2021-06-07 10:00:08','2021-06-08 15:32:45',1,15),(26,'Niguna','1235 dias','2021-06-24',666111.00,NULL,'Si','2021-06-07 12:19:17','2021-06-07 14:14:23',3,16),(28,'Es el nuevo que sacaron al mercado','11 dias y 1 mes','2021-07-10',1120.00,NULL,NULL,'2021-06-07 13:16:56','2021-06-07 13:19:50',7,16),(29,'usado','1235 dias','2021-06-24',100.00,NULL,NULL,'2021-06-07 13:20:13','2021-06-07 13:22:35',2,16),(30,'marca china','3 meses','2021-07-03',50.00,NULL,NULL,'2021-06-07 13:47:54','2021-06-07 13:49:32',5,16),(38,'Rojo amarillo y verde','115 dias','2021-07-01',700.00,NULL,NULL,'2021-06-07 16:29:36','2021-06-07 16:33:44',1,17),(41,'Ninguna por el momento','5 dias','2021-06-25',100.00,NULL,NULL,'2021-06-07 16:52:03','2021-06-07 16:53:22',1,18),(42,'Niguna','5 dias','2021-06-18',45333.00,NULL,NULL,'2021-06-07 16:53:56','2021-06-07 16:56:42',2,18),(45,'tarjeta madre nueva de libreria','115 dias','2021-06-16',1400.00,NULL,NULL,'2021-06-07 19:46:25','2021-06-07 19:48:44',1,19),(46,'Ninguna','3 meses','2021-06-26',100.00,'/pdf/pdf_1623179883.pdf',NULL,'2021-06-07 19:53:59','2021-06-08 15:18:04',2,19),(47,'Para pc de escritorio','3 meses','2021-07-02',1500.00,NULL,NULL,'2021-06-07 21:10:27','2021-06-08 10:30:32',3,19),(50,'Ninguna','1 mes','2021-06-10',100.00,'/pdf/pdf_1623180047.pdf',NULL,'2021-06-08 15:02:54','2021-06-08 15:20:48',4,19),(55,'Ninguna','1 dia','2021-06-09',700.00,'/pdf/pdf_1623182668.pdf',NULL,'2021-06-08 15:59:08','2021-06-08 16:04:28',3,5),(56,'Ninguna por el momento','115 dias','2021-07-01',450.00,'/pdf/pdf_1623185786.pdf',NULL,'2021-06-08 16:55:27','2021-06-08 16:56:27',7,2),(66,'Niguna','1235 dias','2021-06-18',110.00,'/pdf/pdf_1623199542.pdf',NULL,'2021-06-08 20:44:52','2021-06-08 20:45:42',10,19),(67,'Probando pdf','15 dias 1 mes','2021-07-01',1200.00,'/pdf/pdf_1623202115.pdf',NULL,'2021-06-08 21:24:49','2021-06-08 21:28:36',8,19),(69,'Ninguna','1 dia','2021-06-14',52.00,'/pdf/pdf_1623446475.pdf','Si','2021-06-11 17:16:47','2021-06-11 17:22:59',4,1),(114,NULL,NULL,NULL,NULL,NULL,NULL,'2021-06-23 10:04:03','2021-06-23 10:04:03',1,4),(115,'Niguna','115 dias','2021-06-09',400.00,'/pdf/pdf_1624582796.pdf',NULL,'2021-06-23 11:01:01','2021-06-24 20:59:57',35,11),(116,'Niguna','115 dias','2021-06-25',777.00,'/pdf/pdf_1624582887.pdf',NULL,'2021-06-23 11:02:37','2021-06-24 21:01:28',9,11),(117,NULL,NULL,NULL,NULL,NULL,NULL,'2021-06-23 23:51:20','2021-06-23 23:51:20',1,25),(118,'Niguna','5 dias','2021-06-25',300.00,'/pdf/pdf_1624553931.pdf',NULL,'2021-06-24 12:48:26','2021-06-24 12:58:52',4,12),(119,'Niguna','5 dias','2021-06-26',666111.00,'/pdf/pdf_1624553657.pdf',NULL,'2021-06-24 12:50:53','2021-06-24 12:54:18',5,12),(120,NULL,NULL,NULL,NULL,NULL,NULL,'2021-06-24 12:57:11','2021-06-24 12:57:11',1,25),(121,NULL,NULL,NULL,NULL,NULL,NULL,'2021-06-24 13:03:52','2021-06-24 13:03:52',4,25),(122,'dnled','1 dias','2021-06-25',45.00,'/pdf/pdf_1624583256.pdf',NULL,'2021-06-24 13:06:25','2021-06-24 21:07:37',2,25),(123,'Niguna','115 dias','2021-07-02',400.00,'/pdf/pdf_1624725185.pdf',NULL,'2021-06-24 15:41:20','2021-06-26 12:33:06',1,10),(124,'Niguna','5 dias','2021-06-03',666111.00,'/pdf/pdf_1624565070.pdf',NULL,'2021-06-24 16:03:47','2021-06-24 16:04:31',2,9),(125,'camilo sexto','5 dias','2021-06-09',50.00,'/pdf/pdf_1624565165.pdf',NULL,'2021-06-24 16:05:35','2021-06-24 16:06:06',4,9),(126,'Niguna','115 dias','2021-06-11',45333.00,'/pdf/pdf_1624565651.pdf',NULL,'2021-06-24 16:12:58','2021-06-24 16:14:12',4,15),(127,'mnhjbj','1 dia','2021-06-25',45.00,'/pdf/pdf_1624583673.pdf',NULL,'2021-06-24 16:37:51','2021-06-24 21:14:34',35,2),(128,'Ninguna x el momento','115 dias','2021-06-09',450.00,'/pdf/pdf_1624567437.pdf',NULL,'2021-06-24 16:40:00','2021-06-24 16:43:58',38,12),(129,NULL,NULL,NULL,NULL,NULL,NULL,'2021-06-24 17:06:31','2021-06-24 17:06:31',7,26),(130,NULL,NULL,NULL,NULL,NULL,NULL,'2021-06-24 17:41:11','2021-06-24 17:41:11',2,2),(131,'massa','1 dia','2021-06-26',44.00,'/pdf/pdf_1624583331.pdf',NULL,'2021-06-24 21:07:59','2021-06-24 21:08:52',1,2),(132,NULL,NULL,NULL,NULL,NULL,NULL,'2021-06-24 21:09:15','2021-06-24 21:09:15',39,11),(133,NULL,NULL,NULL,NULL,NULL,NULL,'2021-06-25 13:47:53','2021-06-25 13:47:53',4,30),(134,'massa','1 dia','2021-06-26',52.00,'/pdf/pdf_1624643558.pdf',NULL,'2021-06-25 13:51:07','2021-06-25 13:52:39',2,30),(135,'Niguna','115 dias','2021-06-23',400.00,'/pdf/pdf_1624643731.pdf',NULL,'2021-06-25 13:54:29','2021-06-25 13:55:32',41,12),(136,'Niguna','115 dias','2021-06-30',140.00,'/pdf/pdf_1624644030.pdf',NULL,'2021-06-25 13:57:59','2021-06-25 14:00:31',9,12),(137,'ksnjns','1','2021-06-26',500.00,'/pdf/pdf_1624644456.pdf',NULL,'2021-06-25 14:06:07','2021-06-25 14:07:37',4,31),(138,'Se tiene todo lo requerido','1 dia','2021-06-26',900.00,'/pdf/pdf_1624662320.pdf',NULL,'2021-06-25 19:02:05','2021-06-25 19:05:21',7,33),(139,NULL,NULL,NULL,NULL,NULL,NULL,'2021-06-26 12:19:56','2021-06-26 12:19:56',3,4),(140,'Niguna','5 dias','2021-07-01',500.00,'/pdf/pdf_1624725740.pdf',NULL,'2021-06-26 12:41:50','2021-06-26 12:42:21',2,3),(141,'Niguna','5 dias','2021-06-30',45.00,'/pdf/pdf_1624726626.pdf',NULL,'2021-06-26 12:56:37','2021-06-26 12:57:07',9,20);
/*!40000 ALTER TABLE `empresa_cotizacion` ENABLE KEYS */;
UNLOCK TABLES;
DROP TABLE IF EXISTS `empresas`;
/*!40101 SET @saved_cs_client     = @@character_set_client */;
/*!40101 SET character_set_client = utf8 */;
CREATE TABLE `empresas` (
  `id` int(10) unsigned NOT NULL AUTO_INCREMENT,
  `nombreemp` varchar(255) COLLATE utf8mb4_unicode_ci DEFAULT NULL,
  `repnombre` varchar(255) COLLATE utf8mb4_unicode_ci DEFAULT NULL,
  `telefono` int(11) DEFAULT NULL,
  `diremp` varchar(255) COLLATE utf8mb4_unicode_ci DEFAULT NULL,
  `rubro` varchar(255) COLLATE utf8mb4_unicode_ci DEFAULT NULL,
  `nit` int(12) DEFAULT NULL,
  `created_at` timestamp NULL DEFAULT NULL,
  `updated_at` timestamp NULL DEFAULT NULL,
  `correo` varchar(255) COLLATE utf8mb4_unicode_ci DEFAULT NULL,
  `visible` int(11) DEFAULT NULL,
  PRIMARY KEY (`id`)
) ENGINE=InnoDB AUTO_INCREMENT=43 DEFAULT CHARSET=utf8mb4 COLLATE=utf8mb4_unicode_ci;
/*!40101 SET character_set_client = @saved_cs_client */;

LOCK TABLES `empresas` WRITE;
/*!40000 ALTER TABLE `empresas` DISABLE KEYS */;
INSERT INTO `empresas` VALUES (1,'Libreria Amanecer','Luis Camacho',4457882,'Av. Pando Two','Venta de material de escritorio',457894441,NULL,'2021-06-19 17:25:23','amanecer@gmail.com',NULL),(2,'Gedesa','Eva Gonzales',4124566,'Av. Ecuador entre Lanza y antezana','Venta de insumos medicos',789945611,NULL,'2021-06-19 17:28:13','gedesa@gmail.com',NULL),(3,'Muebles Don Julio','Camilo Dominguez',4236666,'Av. Antofagasta','Venta de muebles',465178889,NULL,NULL,'julio@gmail.com',NULL),(4,'Fabercastell','Sara Mamani',4123131,'Av. Robles','Venta de material de escritorio',879456661,NULL,NULL,'fabercastell@gmail.com',NULL),(5,'Libreria Ebenezer','Ever Carrasco',4478999,'Av. Junin','Venta de material de escritorio',321478994,NULL,NULL,'ebenezer@gmail.com',NULL),(6,'Muebles Otalora','Isa Otalora',4789888,'Av. Rosas','Venta de muebles',789461224,NULL,NULL,'otalora@gmail.com',NULL),(7,'Farmacia San Eliana','Rene Garcia',4123666,'Av. Cespedes','Venta de medicamentos',985566331,NULL,NULL,'eliana@gmail.com',NULL),(8,'Melanima San German','Yayo Torrez',4789456,'Av. Robles','Venta de muebles ',789456661,NULL,NULL,'sangerman@gmail.com',NULL),(9,'SARA INC.','Sara Fer',4818102,'Av. La paz','Venta de material de escritorio',488445678,NULL,NULL,'sara@gmail.com',NULL),(10,'Olimpo Eq. Informaticos','Rosa Rojas',4561323,'Av. Padilla','Venta de equipos informaticos',465456777,NULL,NULL,'olimpo@gmail.com',NULL),(13,'Mara SA','Camilo Robles',4657891,'Av Peru #100','Muebles en general',132123123,'2021-06-09 16:39:05','2021-06-09 16:39:05','mara@gmail.com',NULL),(35,'Mocachino S.A.','Juan Comilla',4654655,'Av. Papaulo #100','Venta de todo tipo',456465465,'2021-06-22 10:32:04','2021-06-22 10:32:04','7henry1995@gmail.com',NULL),(38,'Top Service S.R.L.','Juan Funes',4651237,'Av. antofagasta #142','Venta de material de escritorio',465465465,'2021-06-24 10:12:27','2021-06-24 10:12:27','topservice@gmail.com',NULL),(39,'Melchor S.A.','Marcelo Hinojosa',4657989,'Av. Calatayud #450','Venta de muebles',789789789,'2021-06-24 10:15:55','2021-06-24 10:15:55','melchor@gmail.com',NULL),(41,'Tomillo S.A.','Rebeca Delgado Gado',4567899,'Av. Ebenezer #456','Venta de material de escritorio',465456465,'2021-06-24 10:31:49','2021-06-24 14:19:47','tomillo@gmail.com',NULL),(42,'Gedesa','Yuya martinez',4567989,'Av. 45 ebenezr','Venta de robles',564654654,'2021-07-07 20:41:32','2021-07-07 20:41:32','adas@gmail.com',NULL);
/*!40000 ALTER TABLE `empresas` ENABLE KEYS */;
UNLOCK TABLES;
DROP TABLE IF EXISTS `facultad`;
/*!40101 SET @saved_cs_client     = @@character_set_client */;
/*!40101 SET character_set_client = utf8 */;
CREATE TABLE `facultad` (
  `id` int(11) NOT NULL AUTO_INCREMENT,
  `nombre` varchar(50) COLLATE utf8_unicode_ci DEFAULT NULL,
  `decano` varchar(50) COLLATE utf8_unicode_ci DEFAULT NULL,
  `telefono` varchar(50) COLLATE utf8_unicode_ci DEFAULT NULL,
  `direccion` varchar(50) COLLATE utf8_unicode_ci DEFAULT NULL,
  `correo` varchar(50) COLLATE utf8_unicode_ci DEFAULT NULL,
  `visible` int(11) DEFAULT NULL,
  `created_at` timestamp NULL DEFAULT NULL,
  `updated_at` timestamp NULL DEFAULT NULL,
  PRIMARY KEY (`id`)
) ENGINE=InnoDB AUTO_INCREMENT=6 DEFAULT CHARSET=utf8 COLLATE=utf8_unicode_ci;
/*!40101 SET character_set_client = @saved_cs_client */;

LOCK TABLES `facultad` WRITE;
/*!40000 ALTER TABLE `facultad` DISABLE KEYS */;
INSERT INTO `facultad` VALUES (4,'Agronomia','Juan Quispe','4789566','Av. Rojas','centroDeAgua@gmail.com',1,'2021-07-11 13:48:07','2021-07-11 23:44:13'),(5,'Fac. de Agronomia','Lic. Calancha','4517898','Av. antofagasta #100','7henry1995@gmail.com',1,'2021-07-11 19:54:39','2021-07-11 23:42:13');
/*!40000 ALTER TABLE `facultad` ENABLE KEYS */;
UNLOCK TABLES;
DROP TABLE IF EXISTS `fechas`;
/*!40101 SET @saved_cs_client     = @@character_set_client */;
/*!40101 SET character_set_client = utf8 */;
CREATE TABLE `fechas` (
  `id` int(10) unsigned NOT NULL AUTO_INCREMENT,
  `apertura` date NOT NULL,
  `cierre` date NOT NULL,
  `created_at` timestamp NULL DEFAULT NULL,
  `updated_at` timestamp NULL DEFAULT NULL,
  PRIMARY KEY (`id`)
) ENGINE=InnoDB AUTO_INCREMENT=58 DEFAULT CHARSET=utf8mb4 COLLATE=utf8mb4_unicode_ci;
/*!40101 SET character_set_client = @saved_cs_client */;

LOCK TABLES `fechas` WRITE;
/*!40000 ALTER TABLE `fechas` DISABLE KEYS */;
INSERT INTO `fechas` VALUES (2,'2021-06-01','2021-06-11','2021-06-02 13:39:11','2021-06-02 13:39:11'),(3,'2021-06-01','2021-06-16','2021-06-02 13:39:44','2021-06-02 13:39:44'),(4,'2021-06-07','2021-06-09','2021-06-04 18:23:54','2021-06-04 18:23:54'),(5,'2021-06-04','2021-06-07','2021-06-04 18:26:57','2021-06-04 18:26:57'),(6,'2021-06-10','2021-06-11','2021-06-04 18:27:48','2021-06-04 18:27:48'),(7,'2021-06-01','2021-06-01','2021-06-04 18:49:50','2021-06-04 18:49:50'),(8,'2021-06-02','2021-06-09','2021-06-04 21:37:00','2021-06-04 21:37:00'),(9,'2021-06-01','2021-06-16','2021-06-07 21:19:54','2021-06-07 21:19:54'),(10,'2021-06-15','2021-06-17','2021-06-07 21:20:07','2021-06-07 21:20:07'),(11,'2021-06-01','2021-06-10','2021-06-07 22:10:18','2021-06-07 22:10:18'),(12,'2021-06-09','2021-06-18','2021-06-07 22:10:39','2021-06-07 22:10:39'),(13,'2021-06-08','2021-06-15','2021-06-08 08:38:36','2021-06-08 08:38:36'),(14,'2021-06-08','2021-06-11','2021-06-08 15:39:09','2021-06-08 15:39:09'),(15,'2021-06-07','2021-06-17','2021-06-09 10:46:18','2021-06-09 10:46:18'),(16,'2021-06-08','2021-06-09','2021-06-11 14:37:07','2021-06-11 14:37:07'),(17,'2021-06-11','2021-06-16','2021-06-11 14:40:21','2021-06-11 14:40:21'),(18,'2021-06-11','2021-06-14','2021-06-11 17:25:05','2021-06-11 17:25:05'),(19,'2021-06-15','2021-06-22','2021-06-15 10:37:23','2021-06-15 10:37:23'),(20,'2021-06-23','2021-06-26','2021-06-23 11:17:25','2021-06-23 11:17:25'),(21,'2021-06-24','2021-06-26','2021-06-24 16:23:35','2021-06-24 16:23:35'),(22,'2021-06-25','2021-06-27','2021-06-25 08:07:33','2021-06-25 08:07:33'),(23,'2021-06-25','2021-06-28','2021-06-25 18:49:08','2021-06-25 18:49:08'),(24,'2021-07-14','2021-07-22','2021-07-02 12:09:53','2021-07-02 12:09:53'),(25,'2021-07-14','2021-07-22','2021-07-02 12:09:53','2021-07-02 12:09:53'),(26,'2021-07-14','2021-07-22','2021-07-02 12:09:53','2021-07-02 12:09:53'),(27,'2021-07-14','2021-07-22','2021-07-02 12:09:54','2021-07-02 12:09:54'),(28,'2021-07-14','2021-07-22','2021-07-02 12:09:54','2021-07-02 12:09:54'),(29,'2021-07-14','2021-07-22','2021-07-02 12:09:59','2021-07-02 12:09:59'),(30,'2021-07-14','2021-07-22','2021-07-02 12:09:59','2021-07-02 12:09:59'),(31,'2021-07-14','2021-07-22','2021-07-02 12:09:59','2021-07-02 12:09:59'),(32,'2021-07-14','2021-07-22','2021-07-02 12:09:59','2021-07-02 12:09:59'),(33,'2021-07-14','2021-07-22','2021-07-02 12:10:00','2021-07-02 12:10:00'),(34,'2021-07-14','2021-07-22','2021-07-02 12:10:00','2021-07-02 12:10:00'),(35,'2021-07-14','2021-07-22','2021-07-02 12:10:00','2021-07-02 12:10:00'),(36,'2021-07-14','2021-07-22','2021-07-02 12:10:00','2021-07-02 12:10:00'),(37,'2021-07-14','2021-07-22','2021-07-02 12:10:01','2021-07-02 12:10:01'),(38,'2021-07-14','2021-07-22','2021-07-02 12:10:01','2021-07-02 12:10:01'),(39,'2021-07-14','2021-07-22','2021-07-02 12:10:01','2021-07-02 12:10:01'),(40,'2021-07-14','2021-07-22','2021-07-02 12:10:02','2021-07-02 12:10:02'),(41,'2021-07-14','2021-07-22','2021-07-02 12:10:02','2021-07-02 12:10:02'),(42,'2021-07-14','2021-07-22','2021-07-02 12:10:02','2021-07-02 12:10:02'),(43,'2021-07-08','2021-07-23','2021-07-02 12:10:02','2021-07-02 12:10:02'),(44,'2021-07-14','2021-07-22','2021-07-02 12:10:03','2021-07-02 12:10:03'),(45,'2021-07-13','2021-07-21','2021-07-02 12:13:28','2021-07-02 12:13:28'),(46,'2021-07-01','2021-07-16','2021-07-02 12:20:44','2021-07-02 12:20:44'),(47,'2021-07-04','2021-12-30','2021-07-06 10:53:52','2021-07-06 10:53:52'),(48,'2020-04-01','2021-01-20','2021-07-06 10:54:42','2021-07-06 10:54:42'),(49,'2021-07-06','2021-07-29','2021-07-06 13:44:38','2021-07-06 13:44:38'),(50,'2021-07-06','2021-07-06','2021-07-06 13:47:11','2021-07-06 13:47:11'),(51,'2021-07-06','2021-07-14','2021-07-06 13:47:57','2021-07-06 13:47:57'),(52,'2021-07-10','2021-07-23','2021-07-10 09:56:16','2021-07-10 09:56:16'),(53,'2021-07-10','2021-07-16','2021-07-10 09:56:55','2021-07-10 09:56:55'),(54,'2021-07-10','2021-07-13','2021-07-10 09:57:50','2021-07-10 09:57:50'),(55,'2021-07-10','2021-07-17','2021-07-10 09:58:25','2021-07-10 09:58:25'),(56,'2021-07-16','2021-07-24','2021-07-10 10:02:30','2021-07-10 10:02:30'),(57,'2021-07-11','2021-07-20','2021-07-11 11:32:24','2021-07-11 11:32:24');
/*!40000 ALTER TABLE `fechas` ENABLE KEYS */;
UNLOCK TABLES;
DROP TABLE IF EXISTS `informes`;
/*!40101 SET @saved_cs_client     = @@character_set_client */;
/*!40101 SET character_set_client = utf8 */;
CREATE TABLE `informes` (
  `id` int(10) unsigned NOT NULL AUTO_INCREMENT,
  `nombre_cotizador` varchar(255) COLLATE utf8mb4_unicode_ci NOT NULL,
  `tipo_informe` varchar(255) COLLATE utf8mb4_unicode_ci NOT NULL,
  `informe_escrito` varchar(350) COLLATE utf8mb4_unicode_ci NOT NULL,
  `id_solicitud` int(10) unsigned NOT NULL,
  `created_at` timestamp NULL DEFAULT NULL,
  `updated_at` timestamp NULL DEFAULT NULL,
  PRIMARY KEY (`id`),
  KEY `informes_id_solicitud_foreign` (`id_solicitud`),
  CONSTRAINT `informes_id_solicitud_foreign` FOREIGN KEY (`id_solicitud`) REFERENCES `solicituds` (`id`)
) ENGINE=InnoDB AUTO_INCREMENT=81 DEFAULT CHARSET=utf8mb4 COLLATE=utf8mb4_unicode_ci;
/*!40101 SET character_set_client = @saved_cs_client */;

LOCK TABLES `informes` WRITE;
/*!40000 ALTER TABLE `informes` DISABLE KEYS */;
INSERT INTO `informes` VALUES (27,'Jose Rojas Muriel','Rechazo','Lorem ipsum dolor sit amet, consectetuer adipiscing elit. Aenean commodo ligula eget dolor. Aenean massa. Cum sociis natoque penatibus et magnis dis parturient montes, nascetur ridiculus mus. Donec qu',20,'2021-06-17 11:15:20','2021-06-17 11:15:20'),(28,'Jose Rojas Muriel','Rechazo','cdcdcdc',19,'2021-06-17 17:41:49','2021-06-17 17:41:49'),(29,'Jose Rojas Muriel','Aceptacion','cdcreergergergerger',1,'2021-06-17 17:45:23','2021-06-17 17:45:23'),(30,'Juan Calamity','Rechazo','Too Massa Bro',5,'2021-06-21 12:04:52','2021-06-21 12:04:52'),(31,'Juan Calamity','Rechazo','Too Massa Bro',6,'2021-06-22 00:21:43','2021-06-22 00:21:43'),(32,'Juan Calamity','Rechazo','Too Massa Bro',6,'2021-06-22 00:35:58','2021-06-22 00:35:58'),(33,'Donny Shuut','Rechazo','Too Massa Bro',6,'2021-06-22 00:47:31','2021-06-22 00:47:31'),(34,'Donny Shuut','Aceptacion','Too Massa Bro',6,'2021-06-22 00:47:40','2021-06-22 00:47:40'),(35,'Hugo Fi','Aceptacion','Too Massa Bro',6,'2021-06-22 00:47:57','2021-06-22 00:47:57'),(36,'Anas Marut','Aceptacion','Too Massa Bro',6,'2021-06-22 00:48:21','2021-06-22 00:48:21'),(37,'Anas Marut','Aceptacion','Too Massa Bro',6,'2021-06-23 16:56:25','2021-06-23 16:56:25'),(38,'Anas Marut','Aceptacion','Too Massa Bro',6,'2021-06-23 16:58:28','2021-06-23 16:58:28'),(39,'Anas Marut','Aceptacion','Too Massa Bro',6,'2021-06-23 17:00:01','2021-06-23 17:00:01'),(40,'Anas Marut','Aceptacion','Too Massa Bro',6,'2021-06-23 17:10:17','2021-06-23 17:10:17'),(41,'Anas Marut','Aceptacion','Too Massa Bro',6,'2021-06-23 17:12:27','2021-06-23 17:12:27'),(42,'Anas Marut','Aceptacion','Too Massa Bro',6,'2021-06-23 17:14:16','2021-06-23 17:14:16'),(43,'Anas Marut','Aceptacion','Too Massa Bro',6,'2021-06-23 17:17:56','2021-06-23 17:17:56'),(44,'Anas Marut','Aceptacion','Too Massa Bro',6,'2021-06-23 17:19:44','2021-06-23 17:19:44'),(45,'Anas Marut','Aceptacion','Too Massa Bro',6,'2021-06-23 17:20:27','2021-06-23 17:20:27'),(46,'Anas Marut','Aceptacion','Too Massa Bro',6,'2021-06-23 17:31:04','2021-06-23 17:31:04'),(47,'Anas Marut','Aceptacion','Too Massa Bro',6,'2021-06-23 17:32:55','2021-06-23 17:32:55'),(48,'Anas Marut','Aceptacion','Too Massa Bro',6,'2021-06-23 17:35:10','2021-06-23 17:35:10'),(49,'Anas Marut','Aceptacion','Too Massa Bro',6,'2021-06-23 17:40:13','2021-06-23 17:40:13'),(50,'Anas Marut','Aceptacion','Too Massa Bro',6,'2021-06-23 17:44:58','2021-06-23 17:44:58'),(51,'Anas Marut','Aceptacion','Too Massa Bro',6,'2021-06-23 18:47:31','2021-06-23 18:47:31'),(52,'Jose Rojas Muriel','Rechazo','ekjwjbwejcbe',8,'2021-06-23 20:57:28','2021-06-23 20:57:28'),(53,'Jose Rojas Muriel','Rechazo','dddddd',18,'2021-06-23 20:59:25','2021-06-23 20:59:25'),(54,'Jose Rojas Muriel','Rechazo','kcdkjcwkj',19,'2021-06-23 21:05:45','2021-06-23 21:05:45'),(55,'Jose Rojas Muriel','Aceptacion','kjbkb',25,'2021-06-24 09:28:13','2021-06-24 09:28:13'),(56,'Jose Rojas Muriel','Aceptacion','mn nm mn',25,'2021-06-24 09:34:06','2021-06-24 09:34:06'),(57,'Jose Rojas Muriel','Aceptacion','DCJKNEKJEBK',26,'2021-06-24 17:12:50','2021-06-24 17:12:50'),(58,'Jose Rojas Muriel','Rechazo','Lorem ipsum dolor sit amet, consectetuer adipiscing elit. Aenean commodo ligula eget dolor. Aenean massa. Cum sociis natoque penatibus et magnis dis parturient montes, nascetur ridiculus mus. Donec qu',29,'2021-06-25 13:43:44','2021-06-25 13:43:44'),(59,'Jose Rojas Muriel','Aceptacion','Lorem ipsum dolor sit amet, consectetuer adipiscing elit. Aenean commodo ligula eget dolor. Aenean massa. Cum sociis natoque penatibus et magnis dis parturient montes, nascetur ridiculus mus. Donec quam felis, ultricies nec,',30,'2021-06-25 13:56:50','2021-06-25 13:56:50'),(60,'Jose Rojas Muriel','Aceptacion','vsvsdvdssvdsvdsv',11,'2021-06-25 14:48:54','2021-06-25 14:48:54'),(61,'Jose Rojas Muriel','Aceptacion','sdfvdsvdf',30,'2021-06-25 14:51:28','2021-06-25 14:51:28'),(62,'Jose Rojas Muriel','Aceptacion','dvvvdsfv',31,'2021-06-25 14:53:02','2021-06-25 14:53:02'),(63,'Jose Rojas Muriel','Aceptacion','scdscsdds',31,'2021-06-25 14:54:11','2021-06-25 14:54:11'),(64,'Jose Rojas Muriel','Aceptacion','xc sdvsdvsd',30,'2021-06-25 14:56:42','2021-06-25 14:56:42'),(65,'Jose Rojas Muriel','Aceptacion','sdcsdcdscs',29,'2021-06-25 14:58:28','2021-06-25 14:58:28'),(66,'Jose Rojas Muriel','Aceptacion','sdvsddsv',31,'2021-06-25 15:01:09','2021-06-25 15:01:09'),(67,'Jose Rojas Muriel','Aceptacion','sdcsdcsd',30,'2021-06-25 15:02:21','2021-06-25 15:02:21'),(68,'Jose Rojas Muriel','Aceptacion','sdcdsds',29,'2021-06-25 15:03:46','2021-06-25 15:03:46'),(69,'Jose Rojas Muriel','Aceptacion','sdcdsvdsvs',31,'2021-06-25 15:17:25','2021-06-25 15:17:25'),(70,'Jose Rojas Muriel','Aceptacion','sdcdssd',30,'2021-06-25 15:17:59','2021-06-25 15:17:59'),(71,'Jose Rojas Muriel','Aceptacion','scdcdsd',29,'2021-06-25 15:18:35','2021-06-25 15:18:35'),(72,'Jose Rojas Muriel','Aceptacion','dscsdcsdsd',31,'2021-06-25 15:19:32','2021-06-25 15:19:32'),(73,'Jose Rojas Muriel','Aceptacion','dsdsvdsv',30,'2021-06-25 15:20:08','2021-06-25 15:20:08'),(74,'Jose Rojas Muriel','Rechazo','cdscdssd',28,'2021-06-25 15:21:57','2021-06-25 15:21:57'),(75,'Jose Rojas Muriel','Rechazo','sdvvvrever',29,'2021-06-25 15:22:18','2021-06-25 15:22:18'),(76,'Jose Rojas Muriel','Rechazo','scdscdsdscds',30,'2021-06-25 15:22:39','2021-06-25 15:22:39'),(77,'Jose Rojas Muriel','Rechazo','cdscsd',31,'2021-06-25 15:22:58','2021-06-25 15:22:58'),(78,'Jose Rojas Muriel','Rechazo','Lorem ipsum dolor sit amet, consectetuer adipiscing elit. Aenean commodo ligula eget dolor. Aenean massa. Cum sociis natoque penatibus et magnis dis parturient montes, nascetur ridiculus mus. Donec quam felis, ultricies nec, pellentesque eu, pretium quis, sem. Nulla consequat massa quis enim. Donec',32,'2021-06-25 19:00:46','2021-06-25 19:00:46'),(79,'Jose Rojas Muriel','Aceptacion','Lorem ipsum dolor sit amet, consectetuer adipiscing elit. Aenean commodo ligula eget dolor. Aenean massa. Cum sociis natoque penatibus et magnis dis parturient montes, nascetur ridiculus mus. Donec quam felis, ultricies nec, pellentesque eu, pretium quis, sem. Nulla consequat massa quis enim. Donec',33,'2021-06-25 19:07:03','2021-06-25 19:07:03'),(80,'Jose Rojas Muriel','Aceptacion','Lorem ipsum dolor sit amet, consectetuer adipiscing elit. Aenean commodo ligula eget dolor. Aenean massa. Cum sociis natoque penatibus et magnis dis parturient montes, nascetur ridiculus mus. Donec quam felis, ultricies nec, pellentesque eu, pretium quis, sem. Nulla consequat massa quis enim. Donec',7,'2021-06-25 19:08:15','2021-06-25 19:08:15');
/*!40000 ALTER TABLE `informes` ENABLE KEYS */;
UNLOCK TABLES;
DROP TABLE IF EXISTS `item_solicitud`;
/*!40101 SET @saved_cs_client     = @@character_set_client */;
/*!40101 SET character_set_client = utf8 */;
CREATE TABLE `item_solicitud` (
  `id` int(10) unsigned NOT NULL AUTO_INCREMENT,
  `item_id` int(10) unsigned NOT NULL,
  `solicitud_id` int(10) unsigned NOT NULL,
  `nombre` varchar(255) COLLATE utf8mb4_unicode_ci NOT NULL,
  `descrip` varchar(255) COLLATE utf8mb4_unicode_ci NOT NULL,
  `cantidad` int(11) NOT NULL,
  `precio` decimal(9,2) NOT NULL,
  `created_at` timestamp NULL DEFAULT NULL,
  `updated_at` timestamp NULL DEFAULT NULL,
  PRIMARY KEY (`id`),
  KEY `item_solicitud_item_id_foreign` (`item_id`),
  KEY `item_solicitud_solicitud_id_foreign` (`solicitud_id`),
  CONSTRAINT `item_solicitud_item_id_foreign` FOREIGN KEY (`item_id`) REFERENCES `items` (`id`),
  CONSTRAINT `item_solicitud_solicitud_id_foreign` FOREIGN KEY (`solicitud_id`) REFERENCES `solicituds` (`id`) ON DELETE CASCADE
) ENGINE=InnoDB AUTO_INCREMENT=41 DEFAULT CHARSET=utf8mb4 COLLATE=utf8mb4_unicode_ci;
/*!40101 SET character_set_client = @saved_cs_client */;

LOCK TABLES `item_solicitud` WRITE;
/*!40000 ALTER TABLE `item_solicitud` DISABLE KEYS */;
INSERT INTO `item_solicitud` VALUES (1,1,1,'Lapiceros','Negro con punta 0.5',1,45.00,NULL,NULL),(2,3,1,'Hojas','Hojas para impresion',100,15.00,NULL,NULL),(3,19,2,'Barbijo N95','Especiales para proteccion',1,78.00,NULL,NULL),(4,18,2,'Mascara Transparente N22','Perfecto para exteriores',1,77.00,NULL,NULL),(5,1,3,'Lapiceros','Cajas de lapicero marca Monami de color negro y rojo ',1,500.00,NULL,NULL),(6,17,4,'Medicamentos para dolor de cabeza','de todo tipo',1,45.00,NULL,NULL),(7,33,5,'Escritorios de oficina','Silla de madera',1,7000.00,NULL,NULL),(8,33,6,'Escritorios de oficina','de metal',1,7000.00,NULL,NULL),(9,52,7,'Liquido de limpieza','te todo tipo',1,450.00,NULL,NULL),(10,33,8,'Escritorios de oficina','De color mostaza',1,450.00,NULL,NULL),(11,4,9,'Memoria Ram','..',1,550.00,NULL,NULL),(12,5,9,'Tarjeta madre','...',1,880.00,NULL,NULL),(13,8,9,'Disco Duro','...',1,750.00,NULL,NULL),(14,25,9,'Camara web','...',1,55.00,NULL,NULL),(15,30,9,'Ventilador','...',1,150.00,NULL,NULL),(16,52,10,'Liquido de limpieza','Ola para lavar trastes',1,450.00,NULL,NULL),(17,33,11,'Escritorios de oficina','De madera mara y de color negro',1,4570.00,NULL,NULL),(18,4,12,'Memoria Ram','...',1,78.00,NULL,NULL),(19,5,12,'Tarjeta madre','...',1,78.00,NULL,NULL),(20,33,13,'Escritorios de oficina','De madera de pino',1,400.00,NULL,NULL),(21,5,14,'Tarjeta madre','de nvidia',1,400.00,NULL,NULL),(22,8,15,'Disco Duro','Toshiba',1,700.00,NULL,NULL),(23,25,16,'Camara web','Para ver en full hd',1,450.00,NULL,NULL),(24,3,17,'Hojas','de colores , paquete',1,45.00,NULL,NULL),(25,30,18,'Ventilador','De pc de escritorio',1,504.00,NULL,NULL),(26,5,19,'Tarjeta madre','dell',1,1200.00,NULL,NULL),(27,4,20,'Memoria Ram','toshiba',1,45.00,NULL,NULL),(28,59,21,'Vacuna Covid','Vacuna China',1000,10000.00,NULL,NULL),(32,6,25,'Tintas en polvo','...',1,10.00,NULL,NULL),(33,19,26,'Barbijo N95','....',1,45.00,NULL,NULL),(34,1,27,'lapicero','...',1,201.00,NULL,NULL),(35,1,28,'lapicero','...',1,201.00,NULL,NULL),(36,6,29,'Tintas en polvo','...',1,1501.00,NULL,NULL),(37,6,30,'Tintas en polvo','...',1,1000.00,NULL,NULL),(38,3,31,'Hojas','...',1,500.00,NULL,NULL),(39,3,32,'Hojas','...',1,501.00,NULL,NULL),(40,19,33,'Barbijo N95','...',10,900.00,NULL,NULL);
/*!40000 ALTER TABLE `item_solicitud` ENABLE KEYS */;
UNLOCK TABLES;
DROP TABLE IF EXISTS `item_superiors`;
/*!40101 SET @saved_cs_client     = @@character_set_client */;
/*!40101 SET character_set_client = utf8 */;
CREATE TABLE `item_superiors` (
  `id` int(10) unsigned NOT NULL AUTO_INCREMENT,
  `nomitemSup` varchar(255) COLLATE utf8mb4_unicode_ci NOT NULL,
  `descripSup` varchar(700) COLLATE utf8mb4_unicode_ci NOT NULL,
  `created_at` timestamp NULL DEFAULT NULL,
  `updated_at` timestamp NULL DEFAULT NULL,
  `visible` int(11) DEFAULT NULL,
  PRIMARY KEY (`id`)
) ENGINE=InnoDB AUTO_INCREMENT=84 DEFAULT CHARSET=utf8mb4 COLLATE=utf8mb4_unicode_ci;
/*!40101 SET character_set_client = @saved_cs_client */;

LOCK TABLES `item_superiors` WRITE;
/*!40000 ALTER TABLE `item_superiors` DISABLE KEYS */;
INSERT INTO `item_superiors` VALUES (1,'Material de escritorio','Material de escritorio necesario para que el personal pueda desarrollar sus funciones de trabajo',NULL,'2021-06-18 01:31:41',1),(2,'Componentes de PC','Componentes para reparacion de computadoras o mantenimiento',NULL,NULL,1),(3,'Covid Materiales','Para prevencion del covid',NULL,'2021-06-18 00:17:58',1),(4,'Muebles y enseres','Todo tipo de muebles de oficina','2021-05-14 12:57:58','2021-05-14 12:57:58',1),(12,'Gastos en reparacion de muebles y enseres','Gastos que involucren la reparacion de activos fijos en la intitucion','2021-05-14 13:05:15','2021-05-14 13:05:15',1),(13,'Laboratios items','Material exclusivo para laboratorios','2021-05-14 15:08:29','2021-05-14 15:08:29',1),(14,'Gastos de limpieza','Cualquier gasto en que se incurra al realizar la limpieza de las oficinas','2021-05-16 19:01:20','2021-05-16 19:01:20',1),(22,'Medicamentos','Medicamentos generales para el botiquin de primeros auxilios','2021-05-17 13:15:59','2021-05-17 13:15:59',1),(23,'Vacunas','Para el covid 19','2021-05-17 22:01:38','2021-05-17 22:01:38',1),(27,'Herramientas','Herramientas basicas requeridas en la oficina','2021-05-18 00:02:35','2021-05-18 00:02:35',1),(28,'Instalaciones','Cables y otros equipos necesarios para la instalacion de redes y otros','2021-05-18 12:55:49','2021-05-18 12:55:49',1),(42,'Material de odontologa','Una silla guantes barbijo','2021-05-20 16:07:58','2021-05-20 16:07:58',1),(43,'Muebles de cuero','Un cuero que no se gaste rapido','2021-05-20 16:39:37','2021-05-20 16:39:37',1),(44,'Lapices Especiales','se requieres lapices de color azul','2021-05-20 18:28:05','2021-05-20 18:28:05',1),(53,'Material de Limpieza de Bao','Todo tipo de material de limpieza para baos en general','2021-05-25 10:45:07','2021-05-25 10:45:07',1),(54,'Gastos miscelaneos','Gastos pequeos','2021-06-07 20:31:36','2021-06-07 20:31:36',1),(60,'Sofas de escritorio','De madera mara nacional','2021-06-17 15:51:50','2021-07-01 19:18:17',1),(65,'Equipos de limpieza','para limpiar','2021-07-06 10:50:25','2021-07-06 10:50:25',1),(67,'Prueba','Probando','2021-07-07 11:45:01','2021-07-07 11:45:01',1),(68,'Pruebanew','Probando','2021-07-07 11:54:40','2021-07-07 11:54:40',1),(70,'Pruebatwo','Probando two','2021-07-07 20:22:36','2021-07-10 22:22:17',0),(72,'jaja','asdasd','2021-07-07 20:28:12','2021-07-07 20:28:12',1),(73,'qweonll','qwe','2021-07-07 20:28:37','2021-07-10 22:22:13',0),(75,'pruebatreceonce','asdasd','2021-07-07 22:38:54','2021-07-10 22:22:07',0),(76,'kayosama','jokamaru','2021-07-10 21:39:16','2021-07-10 22:12:26',0),(77,'PRUBA YUGI','PRUEBA YUGI','2021-07-10 21:43:06','2021-07-10 22:10:15',0),(79,'ASD','Utensilios de cocina','2021-07-10 21:46:41','2021-07-10 21:46:41',0),(80,'jajaja','asdasd','2021-07-10 22:00:09','2021-07-10 22:10:31',0),(82,'asdasd','asdasdasd','2021-07-10 22:16:18','2021-07-10 22:22:00',0),(83,'kayosama','asdasd','2021-07-10 22:19:08','2021-07-10 22:19:08',1);
/*!40000 ALTER TABLE `item_superiors` ENABLE KEYS */;
UNLOCK TABLES;
DROP TABLE IF EXISTS `items`;
/*!40101 SET @saved_cs_client     = @@character_set_client */;
/*!40101 SET character_set_client = utf8 */;
CREATE TABLE `items` (
  `id` int(10) unsigned NOT NULL AUTO_INCREMENT,
  `nomitem` varchar(255) COLLATE utf8mb4_unicode_ci NOT NULL,
  `descrip` varchar(255) COLLATE utf8mb4_unicode_ci NOT NULL,
  `item_general_id` int(10) unsigned NOT NULL,
  `created_at` timestamp NULL DEFAULT NULL,
  `updated_at` timestamp NULL DEFAULT NULL,
  `visible` int(11) DEFAULT NULL,
  PRIMARY KEY (`id`),
  KEY `items_item_general_id_foreign` (`item_general_id`),
  CONSTRAINT `items_item_general_id_foreign` FOREIGN KEY (`item_general_id`) REFERENCES `item_superiors` (`id`)
) ENGINE=InnoDB AUTO_INCREMENT=81 DEFAULT CHARSET=utf8mb4 COLLATE=utf8mb4_unicode_ci;
/*!40101 SET character_set_client = @saved_cs_client */;

LOCK TABLES `items` WRITE;
/*!40000 ALTER TABLE `items` DISABLE KEYS */;
INSERT INTO `items` VALUES (1,'Lapicero','Lapicero simple',1,NULL,'2021-07-11 19:50:44',1),(3,'Hoja','Paquetes de hojas tamao carta y tamao oficio',1,NULL,'2021-07-11 18:49:49',1),(4,'Memoria Ram','Para computadores de escritorio y portatiles',2,NULL,NULL,1),(5,'Tarjeta madre','Para computadores de escritorio y portatiles',2,NULL,NULL,1),(6,'Tintas en polvo','Tintas en polvo para impresoras lazer ll',1,'2021-05-14 14:56:08','2021-06-19 20:20:27',1),(7,'Marcadores','Para oficina, tinta no borrable',1,'2021-05-14 15:15:43','2021-05-14 15:15:43',1),(8,'Disco Duro','Discos duros para laptop y pcs',2,'2021-05-17 11:55:52','2021-06-25 19:13:47',1),(10,'Cinta de embalaje','Cinta para embalar cajones con documentacion',1,'2021-05-17 12:59:34','2021-05-17 12:59:34',1),(11,'Tubos de ensayo','Para realizar pruebas de laboratorio',13,'2021-05-17 13:08:43','2021-05-17 13:08:43',1),(17,'Medicamentos para dolor de cabeza','Medicamentos para aliviar el dolor de cabeza en los trabajadores',22,'2021-05-17 14:57:13','2021-05-17 14:57:13',1),(18,'Mascara Transparente N22','Mascarillas para prevencion del Covid 19',3,NULL,NULL,1),(19,'Barbijo N95','Barbijos especiales para prevencion del Covid 19',3,NULL,NULL,1),(20,'Javon desinfectante','Javon liquido o normal para desinfectar las manos',3,NULL,NULL,1),(21,'Mascarilla de cristal','Mascarilla de proteccion contra el covid',3,'2021-05-17 16:26:36','2021-05-17 16:26:36',1),(23,'Medicamentos placebos para calmar la anciedad','Tranquilizantes para el personal ',22,NULL,NULL,1),(25,'Camara web','Camara web para laptops y computadoras de escritorio ',2,'2021-05-17 17:59:39','2021-05-17 17:59:39',1),(30,'Ventilador','Ventilador para laptops, para evitar que se caliente demasiado el equipo',2,'2021-05-17 23:44:55','2021-05-17 23:44:55',1),(31,'Pasta termica','Para dar mantenimiento a las computadoras',2,'2021-05-18 12:52:32','2021-05-18 12:52:32',1),(32,'Cable UTP','Para conexion e implantacion de redes en la oficina',28,'2021-05-18 13:29:11','2021-05-18 13:29:11',1),(33,'Escritorios de oficina','Escritorios para el desarrollo de las funciones del personal',4,'2021-05-18 19:44:43','2021-05-18 19:44:43',1),(40,'barbijo','color blanco',42,'2021-05-20 16:14:41','2021-05-20 16:14:41',1),(41,'Silas','de color negro con blanco',43,'2021-05-20 16:40:59','2021-05-20 16:40:59',1),(43,'Hojas 3','De colores',1,'2021-05-24 16:13:33','2021-05-24 16:13:33',1),(52,'Liquido de limpieza','Liquido especial para limpiar baos',53,'2021-05-25 10:45:10','2021-05-25 10:45:10',1),(54,'Sillas','De madera en general',1,'2021-06-01 22:32:50','2021-06-01 22:32:50',1),(57,'Refrigerios','En caso de cumpleaos',54,'2021-06-07 20:32:01','2021-06-07 20:32:01',1),(58,'Cable de cobre','La marca mas segura',28,'2021-06-17 15:52:15','2021-06-17 15:52:15',1),(59,'Vacuna Covid','Vacuna para el covid',23,'2021-06-17 16:01:29','2021-06-17 16:01:29',1),(63,'Servicio de te','Refrigerio para el personal de la unidad presupuestante',54,'2021-07-01 19:41:07','2021-07-02 10:51:28',1),(64,'Cuadernos de oficina','Cuadernos para el uso en oficinas',1,'2021-07-02 18:07:23','2021-07-02 18:07:23',1),(65,'aspiracion','alguna aspiracion',14,'2021-07-06 10:52:46','2021-07-06 10:52:46',1),(66,'pruebados','pruebados',13,'2021-07-07 11:45:39','2021-07-07 11:45:39',1),(67,'Pruebault','Pruebaultone',67,'2021-07-07 11:54:24','2021-07-07 11:54:24',1),(68,'Memoria Ram','detallito',2,'2021-07-07 20:27:45','2021-07-07 20:27:45',1),(69,'pruebacatorce','probando',14,'2021-07-07 22:40:52','2021-07-11 10:13:05',0),(70,'pruebacatorce','Leche para el cafe',42,'2021-07-07 22:41:24','2021-07-11 10:13:23',0),(71,'PruebaNewDom','jajaja',67,'2021-07-11 09:31:45','2021-07-11 10:13:31',0),(72,'Pruebanewnewnew','asdads',67,'2021-07-11 09:34:38','2021-07-11 10:13:43',0),(73,'htkpruebas','jajajjaj',23,'2021-07-11 09:51:24','2021-07-11 10:12:58',0),(74,'kpruebas','jajajjaj',23,'2021-07-11 09:52:43','2021-07-11 10:12:50',0),(76,'Probandopapu','papu de papus',43,'2021-07-11 09:59:49','2021-07-11 10:06:46',0),(77,'Disco Duro','asdads',14,'2021-07-11 10:20:38','2021-07-11 10:20:38',1),(78,'aspiracionf','Leche para el cafe',4,'2021-07-11 10:35:15','2021-07-11 10:53:56',1),(79,'Pruebaone','asd',67,'2021-07-11 10:54:38','2021-07-11 10:55:32',0),(80,'Pruebaone','asd',53,'2021-07-11 10:56:00','2021-07-12 00:51:34',1);
/*!40000 ALTER TABLE `items` ENABLE KEYS */;
UNLOCK TABLES;
DROP TABLE IF EXISTS `migrations`;
/*!40101 SET @saved_cs_client     = @@character_set_client */;
/*!40101 SET character_set_client = utf8 */;
CREATE TABLE `migrations` (
  `id` int(10) unsigned NOT NULL AUTO_INCREMENT,
  `migration` varchar(255) COLLATE utf8mb4_unicode_ci NOT NULL,
  `batch` int(11) NOT NULL,
  PRIMARY KEY (`id`)
) ENGINE=InnoDB AUTO_INCREMENT=34 DEFAULT CHARSET=utf8mb4 COLLATE=utf8mb4_unicode_ci;
/*!40101 SET character_set_client = @saved_cs_client */;

LOCK TABLES `migrations` WRITE;
/*!40000 ALTER TABLE `migrations` DISABLE KEYS */;
INSERT INTO `migrations` VALUES (1,'2014_10_12_100000_create_password_resets_table',1),(2,'2021_04_15_021118_create_itemsuperior_table',1),(3,'2021_04_16_021128_create_rols_table',1),(4,'2021_04_16_032843_create_items_table',1),(7,'2021_04_21_211506_create_unidades_table',1),(9,'2021_05_11_115939_create_unidad_asignacionesitems_table',1),(10,'2021_04_21_221506_create_users_table',2),(11,'2021_05_28_142629_create_presupuesto_unidads_table',5),(15,'2021_04_21_114950_create_solicituds_table',3),(16,'2021_04_21_134101_create_item_solicitud_table',3),(17,'2021_05_27_100213_create_fechas_table',4),(28,'2021_06_02_145304_create_empresa',6),(29,'2021_06_02_155404_create_empresa_cotizacion_table',6),(30,'2021_06_03_230332_create_cotizacion_items_table',6),(31,'2021_06_11_212225_create_informes_table',7),(32,'2021_06_21_100026_create_activity_log_table',8),(33,'2018_09_12_99999_create_backupverify_table',9);
/*!40000 ALTER TABLE `migrations` ENABLE KEYS */;
UNLOCK TABLES;
DROP TABLE IF EXISTS `password_resets`;
/*!40101 SET @saved_cs_client     = @@character_set_client */;
/*!40101 SET character_set_client = utf8 */;
CREATE TABLE `password_resets` (
  `email` varchar(255) COLLATE utf8mb4_unicode_ci NOT NULL,
  `token` varchar(255) COLLATE utf8mb4_unicode_ci NOT NULL,
  `created_at` timestamp NULL DEFAULT NULL,
  KEY `password_resets_email_index` (`email`)
) ENGINE=InnoDB DEFAULT CHARSET=utf8mb4 COLLATE=utf8mb4_unicode_ci;
/*!40101 SET character_set_client = @saved_cs_client */;

LOCK TABLES `password_resets` WRITE;
/*!40000 ALTER TABLE `password_resets` DISABLE KEYS */;
/*!40000 ALTER TABLE `password_resets` ENABLE KEYS */;
UNLOCK TABLES;
DROP TABLE IF EXISTS `presupuesto_unidads`;
/*!40101 SET @saved_cs_client     = @@character_set_client */;
/*!40101 SET character_set_client = utf8 */;
CREATE TABLE `presupuesto_unidads` (
  `id` int(10) unsigned NOT NULL AUTO_INCREMENT,
  `id_unidad` int(10) unsigned NOT NULL,
  `presupuesto` decimal(9,2) NOT NULL,
  `gestion` varchar(255) COLLATE utf8mb4_unicode_ci NOT NULL,
  `created_at` timestamp NULL DEFAULT NULL,
  `updated_at` timestamp NULL DEFAULT NULL,
  `visible` int(11) DEFAULT NULL,
  PRIMARY KEY (`id`),
  KEY `presupuesto_unidads_id_unidad_foreign` (`id_unidad`),
  CONSTRAINT `presupuesto_unidads_id_unidad_foreign` FOREIGN KEY (`id_unidad`) REFERENCES `unidads` (`id`)
) ENGINE=InnoDB AUTO_INCREMENT=75 DEFAULT CHARSET=utf8mb4 COLLATE=utf8mb4_unicode_ci;
/*!40101 SET character_set_client = @saved_cs_client */;

LOCK TABLES `presupuesto_unidads` WRITE;
/*!40000 ALTER TABLE `presupuesto_unidads` DISABLE KEYS */;
INSERT INTO `presupuesto_unidads` VALUES (7,1,350000.00,'2021','2021-06-02 15:54:51','2021-07-07 22:34:30',1),(8,2,365000.00,'2021','2021-06-02 16:21:46','2021-07-12 01:10:03',0),(9,5,690300.00,'2021','2021-06-02 17:01:57','2021-06-02 17:01:57',1),(24,11,66666.00,'2021','2021-06-12 19:33:14','2021-06-12 19:33:14',1),(28,10,1234.00,'2021','2021-06-18 17:38:32','2021-06-18 17:40:51',1),(29,5,70000.00,'2022',NULL,NULL,1),(30,42,12000.00,'2021','2021-06-22 09:46:21','2021-07-12 01:06:57',0),(56,59,456000.00,'2021','2021-07-07 13:42:57','2021-07-12 01:06:26',0),(57,57,456456.00,'2021','2021-07-07 13:50:50','2021-07-12 01:05:35',0),(58,60,17000.00,'2021','2021-07-07 15:42:24','2021-07-12 01:04:47',0),(74,62,5777.00,'2021','2021-07-12 01:30:25','2021-07-12 01:31:42',1);
/*!40000 ALTER TABLE `presupuesto_unidads` ENABLE KEYS */;
UNLOCK TABLES;
DROP TABLE IF EXISTS `rols`;
/*!40101 SET @saved_cs_client     = @@character_set_client */;
/*!40101 SET character_set_client = utf8 */;
CREATE TABLE `rols` (
  `id` int(10) unsigned NOT NULL AUTO_INCREMENT,
  `rolnom` varchar(255) COLLATE utf8mb4_unicode_ci NOT NULL,
  `descrip` varchar(255) COLLATE utf8mb4_unicode_ci NOT NULL,
  `created_at` timestamp NULL DEFAULT NULL,
  `updated_at` timestamp NULL DEFAULT NULL,
  `visible` int(11) DEFAULT NULL,
  `privilegios` varchar(255) COLLATE utf8mb4_unicode_ci DEFAULT NULL,
  PRIMARY KEY (`id`)
) ENGINE=InnoDB AUTO_INCREMENT=57 DEFAULT CHARSET=utf8mb4 COLLATE=utf8mb4_unicode_ci;
/*!40101 SET character_set_client = @saved_cs_client */;

LOCK TABLES `rols` WRITE;
/*!40000 ALTER TABLE `rols` DISABLE KEYS */;
INSERT INTO `rols` VALUES (1,'Jefe','Mando superior en una unidad de gasto','2021-05-13 19:15:10','2021-05-13 19:15:10',1,'{\"admin\":false,\"jefe\":true,\"cotizador\":false,\"usuario\":false}'),(2,'Secretaria','Encargada de varias funciones dentro de las unidades de gasto','2021-05-13 19:20:53','2021-06-30 22:29:37',1,'{\"admin\":false,\"jefe\":false,\"cotizador\":false,\"usuario\":true}'),(3,'Cotizador','El encargado de realizar las cotizaciones para productos o servicios y demas','2021-05-14 13:56:55','2021-07-07 16:00:40',1,'{\"admin\":false,\"jefe\":false,\"cotizador\":true,\"usuario\":false}'),(10,'Administrador del sistema','Superusuario del sistema',NULL,'2021-07-11 14:12:09',1,'{\"admin\":true,\"jefe\":false,\"cotizador\":false,\"usuario\":false}'),(54,'Probando','Probando','2021-07-10 17:26:24','2021-07-10 18:22:17',0,NULL),(55,'rol de prueba','rol de prueba','2021-07-10 18:14:29','2021-07-10 18:14:29',1,NULL),(56,'kakashi','asd','2021-07-10 18:23:37','2021-07-10 18:38:22',1,NULL);
/*!40000 ALTER TABLE `rols` ENABLE KEYS */;
UNLOCK TABLES;
DROP TABLE IF EXISTS `solicituds`;
/*!40101 SET @saved_cs_client     = @@character_set_client */;
/*!40101 SET character_set_client = utf8 */;
CREATE TABLE `solicituds` (
  `id` int(10) unsigned NOT NULL AUTO_INCREMENT,
  `unidad_id` int(10) unsigned NOT NULL,
  `unidad_nombre` varchar(255) COLLATE utf8mb4_unicode_ci NOT NULL,
  `tipo` varchar(255) COLLATE utf8mb4_unicode_ci NOT NULL,
  `responsable` varchar(255) COLLATE utf8mb4_unicode_ci NOT NULL,
  `montoestimado` decimal(9,2) NOT NULL,
  `estado` varchar(255) COLLATE utf8mb4_unicode_ci NOT NULL,
  `supera` varchar(255) COLLATE utf8mb4_unicode_ci NOT NULL,
  `created_at` timestamp NULL DEFAULT NULL,
  `updated_at` timestamp NULL DEFAULT NULL,
  PRIMARY KEY (`id`),
  KEY `solicituds_unidad_id_foreign` (`unidad_id`),
  CONSTRAINT `solicituds_unidad_id_foreign` FOREIGN KEY (`unidad_id`) REFERENCES `unidads` (`id`)
) ENGINE=InnoDB AUTO_INCREMENT=34 DEFAULT CHARSET=utf8mb4 COLLATE=utf8mb4_unicode_ci;
/*!40101 SET character_set_client = @saved_cs_client */;

LOCK TABLES `solicituds` WRITE;
/*!40000 ALTER TABLE `solicituds` DISABLE KEYS */;
INSERT INTO `solicituds` VALUES (1,1,'Centro de aguas','Material de escritorio','Juanita Calamidad',58.00,'Concluido','No','2021-06-01 19:16:07','2021-06-17 17:45:22'),(2,1,'Centro de aguas','Covid Materiales','Juanita Calamidad',155.00,'Comparacion de cotizaciones','Si','2021-06-01 19:20:40','2021-06-24 21:09:11'),(3,5,'Departamento de Informatica - Sistemas','Componentes de PC','Luis Vallejos',500.00,'Comparacion de cotizaciones','No','2021-06-01 22:11:44','2021-06-26 12:41:55'),(4,5,'Departamento de Informatica - Sistemas','Medicamentos','Luis Vallejos',450.00,'Comparacion de cotizaciones','No','2021-06-01 22:24:58','2021-06-26 12:20:04'),(5,5,'Dpto. Informatica y Sistemas','Muebles y enseres','Odalis Linares Godoy',14000.00,'Concluido','No','2021-06-01 22:35:28','2021-06-21 12:04:49'),(6,5,'Dpto. Informatica y Sistemas','Muebles y enseres','Odalis Linares Godoy',7500.00,'Concluido','No','2021-06-02 11:07:43','2021-06-23 18:47:30'),(7,5,'Dpto. Informatica y Sistemas','Material de Limpieza de Bao','Odalis Linares Godoy',450.00,'Concluido','No','2021-06-02 11:38:01','2021-06-25 19:08:16'),(8,5,'Dpto. Informatica y Sistemas','Muebles y enseres','Odalis Linares Godoy',4500.00,'Concluido','No','2021-06-02 19:29:45','2021-06-23 20:57:27'),(9,5,'Departamento de Informatica - Sistemas','Componentes de PC','Luis Vallejos',2385.00,'Comparacion de cotizaciones','No','2021-06-02 22:45:55','2021-06-24 16:05:43'),(10,5,'Dpto. Informatica y Sistemas','Material de Limpieza de Bao','Odalis Linares Godoy',230.00,'Comparacion de cotizaciones','No','2021-06-03 09:22:04','2021-06-24 15:41:48'),(11,5,'Departamento de Informatica - Sistemas','Muebles y enseres','Luis Vallejos',4570.00,'Concluido','No','2021-06-03 15:13:52','2021-06-25 14:48:54'),(12,5,'Departamento de Informatica - Sistemas','Componentes de PC','Luis Vallejos',156.00,'Comparacion de cotizaciones','No','2021-06-03 21:37:36','2021-06-25 13:58:03'),(13,5,'Departamento de Informatica - Sistemas','Muebles y enseres','Luis Vallejos',1400.00,'Comparacion de cotizaciones','No','2021-06-04 15:18:04','2021-06-08 16:29:18'),(14,5,'Dpto. Informatica y Sistemas','Componentes de PC','Odalis Linares Godoy',400.00,'Comparacion de cotizaciones','No','2021-06-06 22:20:12','2021-06-15 09:53:51'),(15,5,'Dpto. Informatica y Sistemas','Componentes de PC','Odalis Linares Godoy',700.00,'Comparacion de cotizaciones','No','2021-06-07 09:59:25','2021-06-24 16:13:20'),(16,5,'Dpto. Informatica y Sistemas','Componentes de PC','Odalis Linares Godoy',450.00,'Comparacion de cotizaciones','No','2021-06-07 12:18:51','2021-06-08 12:01:06'),(17,5,'Dpto. Informatica y Sistemas','Material de escritorio','Odalis Linares Godoy',45.00,'Comparacion de cotizaciones','No','2021-06-07 16:29:08','2021-06-08 16:19:36'),(18,5,'Dpto. Informatica y Sistemas','Componentes de PC','Odalis Linares Godoy',504.00,'Aceptada','No','2021-06-07 16:42:16','2021-06-23 20:59:25'),(19,5,'Dpto. Informatica y Sistemas','Componentes de PC','Odalis Linares Godoy',1200.00,'Aceptada','Si','2021-06-07 19:45:03','2021-06-23 21:05:45'),(20,5,'Dpto. Informatica y Sistemas','Componentes de PC','Odalis Linares Godoy',45.00,'Comparacion de cotizaciones','No','2021-06-07 20:20:14','2021-06-26 12:56:42'),(21,5,'Dpto. Informatica y Sistemas','Vacunas','Carminia Vallejos',10000.00,'Comparacion de cotizaciones','No','2021-06-17 16:02:04','2021-06-26 12:22:19'),(25,1,'Centro de aguas','Material de escritorio','Juanita Calamidad',1515.00,'Comparacion de cotizaciones','No','2021-06-23 22:17:25','2021-06-24 13:06:31'),(26,49,'Nueva Unidad Test','Covid Materiales','The Massa Gigas',5000.00,'Comparacion de cotizaciones','No','2021-06-24 16:59:38','2021-06-24 17:12:50'),(27,1,'Centro de aguas','Material de escritorio','Juanita Calamidad',201.00,'Rechazada','Si','2021-06-25 09:13:03','2021-06-25 15:26:45'),(28,1,'Centro de aguas','Material de escritorio','Juanita Calamidad',1651.00,'Concluido','Si','2021-06-25 09:14:26','2021-06-25 15:21:57'),(29,52,'Unidad new One','Material de escritorio','Lamas massa Bro',1501.00,'Concluido','Si','2021-06-25 13:41:23','2021-06-25 15:22:19'),(30,52,'Unidad new One','Material de escritorio','Lamas massa Bro',1000.00,'Concluido','No','2021-06-25 13:46:49','2021-06-25 15:22:39'),(31,52,'Unidad new One','Material de escritorio','Lamas massa Bro',500.00,'Concluido','No','2021-06-25 14:04:13','2021-06-25 15:22:58'),(32,57,'Unidad Presentacin Final','Material de escritorio','Hugo Hierro Alcacer',501.00,'Concluido','Si','2021-06-25 18:56:27','2021-06-25 19:00:47'),(33,57,'Unidad Presentacin Final','Covid Materiales','Hugo Hierro Alcacer',900.00,'Concluido','No','2021-06-25 18:57:17','2021-06-25 19:07:04');
/*!40000 ALTER TABLE `solicituds` ENABLE KEYS */;
UNLOCK TABLES;
DROP TABLE IF EXISTS `unidadasignacionitems`;
/*!40101 SET @saved_cs_client     = @@character_set_client */;
/*!40101 SET character_set_client = utf8 */;
CREATE TABLE `unidadasignacionitems` (
  `id` int(10) unsigned NOT NULL AUTO_INCREMENT,
  `unidad_id` int(10) unsigned NOT NULL,
  `itemsuperior_id` int(10) unsigned NOT NULL,
  `montoasig` decimal(9,2) NOT NULL,
  `periodo` int(255) NOT NULL,
  `created_at` timestamp NULL DEFAULT NULL,
  `updated_at` timestamp NULL DEFAULT NULL,
  PRIMARY KEY (`id`),
  KEY `unidadasignacionitems_unidad_id_foreign` (`unidad_id`),
  KEY `unidadasignacionitems_itemsuperior_id_foreign` (`itemsuperior_id`),
  CONSTRAINT `unidadasignacionitems_itemsuperior_id_foreign` FOREIGN KEY (`itemsuperior_id`) REFERENCES `item_superiors` (`id`),
  CONSTRAINT `unidadasignacionitems_unidad_id_foreign` FOREIGN KEY (`unidad_id`) REFERENCES `unidads` (`id`)
) ENGINE=InnoDB AUTO_INCREMENT=64 DEFAULT CHARSET=utf8mb4 COLLATE=utf8mb4_unicode_ci;
/*!40101 SET character_set_client = @saved_cs_client */;

LOCK TABLES `unidadasignacionitems` WRITE;
/*!40000 ALTER TABLE `unidadasignacionitems` DISABLE KEYS */;
INSERT INTO `unidadasignacionitems` VALUES (1,1,1,200.00,2021,NULL,NULL),(4,1,22,100.00,2022,NULL,NULL),(7,1,4,50000.00,2020,'2021-05-18 20:19:50','2021-05-18 20:19:50'),(9,1,23,42000.00,2022,'2021-05-19 07:33:28','2021-05-19 07:33:28'),(10,1,2,45120.00,2022,'2021-05-19 07:41:51','2021-05-19 07:41:51'),(11,1,12,98000.00,2022,'2021-05-19 07:46:15','2021-05-19 07:46:15'),(12,1,14,12000.00,2022,'2021-05-19 07:48:11','2021-05-19 07:48:11'),(16,1,28,11500.00,2022,'2021-05-19 18:36:20','2021-05-19 18:36:20'),(17,1,3,121.00,2021,'2021-05-19 21:53:07','2021-05-19 21:53:07'),(20,2,42,2000.00,2021,'2021-05-20 16:11:57','2021-05-20 16:11:57'),(25,1,27,41255.00,2021,'2021-05-24 17:03:15','2021-05-24 17:03:15'),(32,5,4,50000.00,2022,'2021-06-01 22:33:58','2021-06-01 22:33:58'),(33,5,2,443334.00,2021,'2021-06-02 15:02:23','2021-06-02 15:02:23'),(34,5,1,1000.00,2021,'2021-06-03 10:46:00','2021-06-03 10:46:00'),(37,11,23,4500.00,2020,'2021-06-12 19:21:13','2021-06-12 19:21:13'),(38,5,4,54666.00,2021,'2021-06-14 21:38:36','2021-06-14 21:38:36'),(39,5,54,11000.00,2021,'2021-06-14 23:06:21','2021-06-14 23:06:21'),(41,5,23,10666.00,2021,'2021-06-17 15:57:49','2021-06-17 15:57:49'),(46,5,28,42000.00,2021,'2021-06-21 13:18:55','2021-06-21 13:18:55'),(47,5,23,10000.00,2022,'2021-06-21 13:34:30','2021-06-21 13:34:30'),(49,5,12,420.00,2022,'2021-06-23 12:00:07','2021-06-23 12:00:07'),(50,49,3,1000.00,2021,'2021-06-24 16:50:35','2021-06-24 16:50:35'),(54,35,1,420.00,2021,'2021-06-24 19:52:52','2021-06-24 19:52:52'),(55,49,1,400.00,2021,'2021-06-24 20:30:10','2021-06-24 20:30:10'),(57,52,3,400.00,2021,'2021-06-25 14:13:51','2021-06-25 14:13:51'),(58,52,1,1100.00,2021,'2021-06-25 14:15:16','2021-06-25 14:15:16'),(59,57,1,500.00,2021,'2021-06-25 18:52:48','2021-06-25 18:52:48'),(60,57,3,1000.00,2021,'2021-06-25 18:53:35','2021-06-25 18:53:35'),(62,35,53,2000.00,2021,'2021-07-02 17:28:23','2021-07-02 17:28:23'),(63,35,60,7000.00,2021,'2021-07-02 17:38:33','2021-07-02 17:38:33');
/*!40000 ALTER TABLE `unidadasignacionitems` ENABLE KEYS */;
UNLOCK TABLES;
DROP TABLE IF EXISTS `unidads`;
/*!40101 SET @saved_cs_client     = @@character_set_client */;
/*!40101 SET character_set_client = utf8 */;
CREATE TABLE `unidads` (
  `id` int(10) unsigned NOT NULL AUTO_INCREMENT,
  `nombre` varchar(255) COLLATE utf8mb4_unicode_ci NOT NULL,
  `facultad` varchar(255) COLLATE utf8mb4_unicode_ci NOT NULL,
  `telefono` varchar(255) COLLATE utf8mb4_unicode_ci NOT NULL,
  `created_at` timestamp NULL DEFAULT NULL,
  `updated_at` timestamp NULL DEFAULT NULL,
  `visible` int(11) DEFAULT NULL,
  PRIMARY KEY (`id`)
) ENGINE=InnoDB AUTO_INCREMENT=81 DEFAULT CHARSET=utf8mb4 COLLATE=utf8mb4_unicode_ci;
/*!40101 SET character_set_client = @saved_cs_client */;

LOCK TABLES `unidads` WRITE;
/*!40000 ALTER TABLE `unidads` DISABLE KEYS */;
INSERT INTO `unidads` VALUES (1,'Centro de aguas','Agronomia','44444666',NULL,'2021-07-10 19:45:04',1),(2,'Odontologia','Medicina','43216598','2021-05-13 14:20:01','2021-05-13 14:20:01',1),(5,'Dpto. Informatica y Sistemas','Facultad de Ciencias y Tecnologia','4517898','2021-05-13 19:17:27','2021-05-13 19:17:27',1),(10,'Carrera de Contaduria Publica','Facultad de Ciencias Economicas','4564213','2021-05-14 13:42:03','2021-05-14 13:42:03',1),(11,'Carrera de Administracion de Empresas','Facultad de Ciencias Economicas','4577899','2021-05-14 13:48:34','2021-05-14 13:48:34',1),(12,'Carrera de Ingenieria Financiera','Facultad de Ciencias Economicas','4127899','2021-05-14 13:57:53','2021-05-14 13:57:53',1),(13,'Dpto. de Matematicas','Facultad de Ciencias y Tecnologia','4577811','2021-05-16 18:58:08','2021-05-16 18:58:08',1),(15,'Dpt de Derecho','Facultad de Ciencias Juridicas','4517777','2021-05-17 20:20:03','2021-07-07 22:45:14',1),(24,'Carrea civil','Facultad de Tcnologia','70236598','2021-05-20 16:29:33','2021-05-20 16:29:33',1),(25,'Dpto de sistemas','Facultad de Tecnologia','70788523','2021-05-20 18:19:47','2021-07-07 15:52:27',1),(26,'Bioquimica','Facultad de Ciencias y Tecnologia','4517898','2021-05-24 18:10:16','2021-05-24 18:10:16',1),(35,'Carrera de Ingenieria Comercial','Facultad de Ciencias Economicas','4517789','2021-05-25 10:27:38','2021-05-25 10:27:38',1),(42,'Carrera de Sociologia','Facultad de sociologia','4789999','2021-06-07 20:36:37','2021-07-01 16:50:03',1),(49,'Nueva Unidad Test','La Massa Bro','41111111','2021-06-24 16:14:58','2021-06-24 16:14:58',1),(50,'Unidad Test Dos','Facultad Economia','78451581','2021-06-24 20:45:36','2021-06-24 20:45:36',1),(51,'test number tree','Facultad Economia','45487845','2021-06-25 08:07:13','2021-06-25 08:07:13',1),(52,'Unidad new One','Facultad Economia','44444444','2021-06-25 13:34:36','2021-06-25 13:34:36',1),(57,'Unidad Presentacin Final','Facultad Economia','4811251','2021-06-25 18:46:43','2021-06-25 18:46:43',1),(59,'Dpto de Posgrado','cs sociales','78945623','2021-07-06 10:24:13','2021-07-06 10:24:13',1),(60,'Prueba hhh','Facultad de Ciencias y Tecnologia','4517898','2021-07-07 15:18:23','2021-07-07 15:18:23',1),(62,'Departamento de Infor','Facultad de','7777777','2021-07-07 17:29:59','2021-07-07 19:17:46',1),(67,'Dpto Medicina','Facultad de medicina','65326598','2021-07-07 21:46:50','2021-07-07 21:46:50',1),(80,'klkjlkkl','Fac. de Agronomia','4517898','2021-07-12 00:19:29','2021-07-12 00:19:29',1);
/*!40000 ALTER TABLE `unidads` ENABLE KEYS */;
UNLOCK TABLES;
DROP TABLE IF EXISTS `users`;
/*!40101 SET @saved_cs_client     = @@character_set_client */;
/*!40101 SET character_set_client = utf8 */;
CREATE TABLE `users` (
  `id` int(10) unsigned NOT NULL AUTO_INCREMENT,
  `name` varchar(255) COLLATE utf8mb4_unicode_ci NOT NULL,
  `lastname` varchar(255) COLLATE utf8mb4_unicode_ci NOT NULL,
  `email` varchar(255) COLLATE utf8mb4_unicode_ci NOT NULL,
  `password` varchar(255) COLLATE utf8mb4_unicode_ci NOT NULL,
  `cellphone` varchar(255) COLLATE utf8mb4_unicode_ci NOT NULL,
  `rol` varchar(255) COLLATE utf8mb4_unicode_ci NOT NULL,
  `unidaddegasto` varchar(100) COLLATE utf8mb4_unicode_ci DEFAULT NULL,
  `facultad` varchar(100) COLLATE utf8mb4_unicode_ci DEFAULT NULL,
  `unidad_id` int(10) unsigned DEFAULT NULL,
  `remember_token` varchar(100) COLLATE utf8mb4_unicode_ci DEFAULT NULL,
  `created_at` timestamp NULL DEFAULT NULL,
  `updated_at` timestamp NULL DEFAULT NULL,
  `visible` int(11) DEFAULT NULL,
  PRIMARY KEY (`id`),
  UNIQUE KEY `users_email_unique` (`email`),
  KEY `users_unidad_id_foreign` (`unidad_id`),
  CONSTRAINT `users_unidad_id_foreign` FOREIGN KEY (`unidad_id`) REFERENCES `unidads` (`id`)
) ENGINE=InnoDB AUTO_INCREMENT=72 DEFAULT CHARSET=utf8mb4 COLLATE=utf8mb4_unicode_ci;
/*!40101 SET character_set_client = @saved_cs_client */;

LOCK TABLES `users` WRITE;
/*!40000 ALTER TABLE `users` DISABLE KEYS */;
INSERT INTO `users` VALUES (1,'Juanita','Calamidad','juanitacamlamity@gmail.com','$2y$10$dOc5E4r9CyjtL1rMopG.gOQiliHkZeWJf7Zq5gpZUHuXmU/8BsqOS','77776666','Jefe','Centro de aguas','Economia',1,NULL,'2021-05-13 12:44:21','2021-05-13 12:44:21',1),(2,'Sandro','Sanas','juanita@gmail.com','$2y$10$7x/Y6HpP4kpypilvWZC7eeawQLX.F4r.b9pi8r2d2iHsX/Oy/FWVS','77776666','Jefe','Unidad Presentacin Final','Economia',57,NULL,'2021-05-11 16:54:20','2021-06-25 19:14:46',1),(3,'Luis Enrrique','Vallejos Vargas','lucho777@gmail.com','$2y$10$9c.FUHOFu7p9fRSCAV4KL.2gyJ3fHJvv1SYzaNW13BjjvFillr79O','69535465','Jefe','Dpto. Informatica y Sistemas','Fac. Ciencias y Tecnologa',5,NULL,'2021-05-11 23:27:09','2021-07-10 14:47:22',1),(4,'Enrrique','Vallejos','enrrique777@gmail.com','$2y$10$xpZ9o6mLnq9cBTF.3CMDTuOVcVLATfWTdP0dJjuoZKoX7oxToEblu','76997476','Administrador del sistema','Dpto. Informatica y Sistemas','',5,NULL,'2021-05-11 23:27:42','2021-07-07 17:57:07',1),(6,'Camila','Vallejos Linares','camila777@gmail.com','$2y$10$mNAa9DNfafS/BPZ57kc6heXqH6LHHq1HAEwrUur02oIb0H9WEMt4S','65474849','Jefe','Dpto. Informatica y Sistemas','Fac. Ciencias y Tecnologa',5,NULL,'2021-05-13 19:18:36','2021-05-13 19:18:36',1),(7,'Maria','Rojas Rojas','maria777@gmail.com','$2y$10$1RAOTkZo66OyKY2grU7Wte./MDzvpnuNAFVOCwyhnHf3JBc0AjVN2','64451278','Secretaria','Carrera de Administracion de Empresas','Fac. Ciencias y Tecnologa',11,NULL,'2021-05-13 19:21:50','2021-07-07 17:25:54',1),(8,'Guadalupe Juana','Mamani Lopez','guadalupe777@gmail.com','$2y$10$r/P7Cy9N6W/93aW18SieXeRPUZFwXwQ5vcWa9JTEzIsrEbYmo85hS','64747845','Jefe','Carrea civil','Fac. Ciencias Econmicas',24,NULL,'2021-05-14 13:53:37','2021-06-16 18:39:49',1),(9,'Kyber','Menas','gustavo777@gmail.com','$2y$10$IlvDmFzVsO/rz/q6IBUXHu5LUWuC5bL48FmZqJ.EJgN.gBWiQO/f.','61457899','Jefe','test number tree','Fac. Ciencias Econmicas',51,NULL,'2021-05-14 13:54:37','2021-07-10 15:01:55',1),(10,'Kyber','Mena','kyber777@gmail.com','$2y$10$U37WrNZ86ZAIv5mbXK2DsO/x5dQeSnRa8Hx0tHYgNUqz9vCtsOVeq','65127899','Cotizador','Dpto. Informatica y Sistemas','Fac. Ciencias y Tecnologa',5,NULL,'2021-05-19 01:49:46','2021-07-10 15:02:59',1),(12,'Carminia','Vallejos','carminia777@gmail.com','$2y$10$1nku56IiaZduauWYjKqzF.MdIBMOfmFR6fMTiUPkpB9vMprckXvtq','69535465','Cotizador','Dpto. Informatica y Sistemas','Fac. Ciencias y Tecnologa',5,NULL,'2021-05-19 18:05:43','2021-05-19 18:05:43',1),(13,'Josefina','Vallejos Laura','josefa7777@gmail.com','$2y$10$uoBc1Hg7LyiAyeZuZZzHhePHPGNptsz4kF63WxkgIq0diqn96TBsa','65451232','Cotizador','Bioquimica','Fac. Ciencias y Tecnologa',26,NULL,'2021-05-19 18:06:44','2021-06-18 17:36:00',1),(14,'Pepe','Aranibar Cortez','pepe777@gmail.com','$2y$10$c31P3PPEMLyfn03Hq8OxrOmR8toBP6LNz3nXvWlo7hb3G7G7m6o.i','70788930','Encargado de unidad gasto','Dpt de Derecho','Fac. Ciencias Sociales',15,NULL,'2021-05-19 23:33:54','2021-05-19 23:33:54',1),(17,'Maria','Bermudez Rojas','maria@gmail.com','$2y$10$im9b2D4AMFvRlPlxhnNHC.Y29cIBCos2IJ9YZDoGl87cVRsAnrGOa','78945612','Secretaria','Odontologia','Fac. Odontologa',2,NULL,'2021-05-20 15:35:54','2021-07-07 17:41:18',1),(18,'Juana','Cespedes','juana777@gmail.com','$2y$10$LFCSdvYUACynA27rrQY1eeU.feKl6t4KsYR5xUli.zeD.nTRXfQgu','77771111','Jefe','Centro de aguas','Fac. Cs. Farmaceuticas y Bioquimicas',1,NULL,'2021-05-20 16:24:42','2021-05-20 16:24:42',1),(19,'Jesus','Lopes Miranda','jesus@gmail.com','$2y$10$ojuJX8zdIEsd7aXNFfkK3uhxTCI7jhwYpbb2Mn2IY0/a1sPdLQsqu','70235689','Jefe','Dpto. Informatica y Sistemas','Fac. Ciencias y Tecnologa',5,NULL,'2021-05-20 16:26:09','2021-05-20 16:26:09',1),(21,'amelia','morales','amelia@gmail.com','$2y$10$9v1VtCQl87pHOVg9jn9qSevVV4sIFm/MpS6jNLqa.WlO7/oK2RCom','65411235','Jefe','Centro de aguas',NULL,1,NULL,'2021-05-23 16:49:31','2021-05-23 16:49:31',1),(24,'Nelzon','Zuna Huanca','nelzon777@gmail.com','$2y$10$TEgT8GuQO.9TW/C60UzjEe5NFZsfiA9SK6fdQg4w7OmqceNxdeR7W','65412333','Administrador del sistema','Dpto. Informatica y Sistemas',NULL,5,NULL,'2021-05-24 11:15:13','2021-07-07 17:58:01',1),(29,'Juan','Lopez','juana1777@gmail.com','$2y$10$msDIc0ZX3n/fM.S9ATUeA.gW0ssAu2AOcNLUYln906taV5ycow3f.','65147845','Jefe','Bioquimica',NULL,26,NULL,'2021-05-24 18:21:28','2021-05-24 18:21:28',1),(30,'Ana Maria','Vargas Barrionuevo','ana777@gmail.com','$2y$10$jBbOholEzkTj.j5C5/XUiur4aMoMcWNydtUVZ.t6vzsbQU1PiN.7G','69535465','Cotizador','Dpto. Informatica y Sistemas',NULL,5,NULL,'2021-05-25 10:13:18','2021-05-25 10:13:18',1),(31,'Luisa','Flores Mariscal','luisa777@gmail.com','$2y$10$yXU1vh//rWwSg.UVQI/sUOmPQabu5Z9aAfJl0DpfLL.q8HP19QT2.','69535411','Cotizador','Dpto. Informatica y Sistemas',NULL,5,NULL,'2021-05-25 10:37:53','2021-05-25 10:37:53',1),(33,'Juana','Cespedes','juana@gmail.com','$2y$10$8kjR2iJon2BO63RFWIHa0.QzTP6l7M4tMhSls34E8sypfVa44D9WW','77771111','Jefe','Centro de aguas',NULL,1,NULL,'2021-05-25 11:26:26','2021-05-25 11:26:26',1),(34,'Odalis','Linares Godoy','odalis777@gmail.com','$2y$10$iVjg.SrPAtlU5ZVC9wXBs.4.w3goiNcnxk.2GEApOMZ5omaAEsXGO','64784544','Secretaria','Dpto. Informatica y Sistemas',NULL,5,NULL,'2021-06-01 22:31:09','2021-06-01 22:31:09',1),(35,'Jose','Rojas Muriel','jose777@gmail.com','$2y$10$ho89WEIS0bdxbw/ARJL7DOcVjqVkFYYlH1ncffLSohPCyeaa/Bhnu','65457899','Cotizador','Carrea civil',NULL,24,NULL,'2021-06-08 09:52:05','2021-07-09 22:41:01',0),(36,'Osmar','Torrico Rosas','osmar777@gmail.com','$2y$10$VCNUEONTwNj8TSWdCyB/L.eZkU0hLlYPadO3xHKvr7pK6B1sXKcHq','65471548','Cotizador','Bioquimica',NULL,26,NULL,'2021-06-08 09:56:31','2021-06-08 09:56:31',1),(37,'Marcos Jonas','Mamani Rocha','marcos777@gmail.com','$2y$10$fh2Q8heRixasKrzAx/UDn.Jujfr1WFgVV5rnNg16SQAO/JP69h7Yq','65147899','Jefe','Carrera de Contaduria Publica',NULL,10,NULL,'2021-06-08 10:42:20','2021-06-18 15:22:32',1),(38,'Kaiba','Rojas Solis','kaiba777@gmail.com','$2y$10$1usgcpbx9TXUpyj5j3opv.2CCB7ld2KWHDssCDh75kq1NgHUq6y7G','65565656','Jefe','Carrera de Ingenieria Comercial',NULL,35,NULL,'2021-06-23 11:33:59','2021-06-23 11:33:59',1),(39,'Juan Lucho','Lopez','jlucho@gmail.com','$2y$10$RmWTmz1pvIO8Vy2IDHnfeODGUcDYfMTWSWlZ1BMfWYwjkmuqtMx0O','65465465','Jefe','Dpt de Derecho',NULL,15,NULL,'2021-06-23 15:04:40','2021-06-23 15:04:40',1),(43,'The Massa','Gigas','massa@gmail.com','$2y$10$TBpH22nMKKZ/e.BUr6ttc.oEQ8Q/YWzuER2Lb7SaCS3IvqQLHxjwG','77878781','Jefe','Nueva Unidad Test',NULL,49,NULL,'2021-06-24 16:18:57','2021-06-24 16:18:57',1),(44,'Lamas','massa Bro','masssa@gmail.com','$2y$10$SzVEh6aPhkwb8Dgc5imRIuuci0ywlgVjAIf7PgC5jFXEk/piejvV6','78784887','Jefe','Unidad new One',NULL,52,NULL,'2021-06-25 13:38:52','2021-06-25 13:38:52',1),(47,'Paty','Rodriguez','paty@gmail.com','$2y$10$I4jOJqBRlxS5usS22vA0.OYEYJ3pKYuPd/t5J.w/234okZNPXJgvi','79548126','Cotizador','Dpto. de Matematicas',NULL,13,NULL,'2021-07-06 09:39:40','2021-07-09 22:41:54',0),(48,'paty','Mamani','paty12@gmail.com','$2y$10$lC9MpiIVHy9.1sC0/PG06uc4dLY0V/DDeTng39vRcLINIVIHlgALq','75489621','Cotizador','Dpto. de Matematicas',NULL,13,NULL,'2021-07-06 09:41:44','2021-07-09 21:53:02',0),(64,'Camila','Robles','camila111@gmail.com','$2y$10$sdBVq0f6R1XoWc8OBe8ev.P/pWPDSExuKOVF25.wnVdX/Nz2qw8wS','78794566','Cotizador','Carrera de Administracion de Empresas',NULL,11,NULL,'2021-07-10 10:13:10','2021-07-10 10:13:10',0),(66,'Romina','Vargas','rumina1995@gmail.com','$2y$10$c.1vTd8BgEIp7cmndInYReG9HLYbRsY/ZigP/kd3dpZoQWEY0n4au','78994566','Cotizador','Dpt de Derecho',NULL,15,NULL,'2021-07-10 10:19:44','2021-07-10 10:19:44',1),(67,'Carmen','Villabolos','carmen13@gmail.com','$2y$10$t.8sAJiYJZ0btjrRVGxOk.38yudTCS2V3b69YjHTk6O8eL3wsqNRG','65478999','Encargado de unidad gasto','Carrera de Sociologia',NULL,42,NULL,'2021-07-10 10:22:05','2021-07-10 10:22:23',0),(68,'Adairton','Mamani','adair@gmail.com','$2y$10$iGwzVAO8CtXeoINRd8T/nOugE1dovMOMcYnIP2PJHRcy9/I7GWB.C','78945612','Cotizador','Carrera de Ingenieria Comercial',NULL,35,NULL,'2021-07-10 10:56:06','2021-07-10 10:57:43',1),(69,'Eliseo','Flores','eliseo1995@gmail.com','$2y$10$ZATfvT4qNf17B.5kmABnZOTjPCLSQTOw9wZDPp5FgL3MhIzxHJXle','78946588','Secretaria','Carrera de Administracion de Empresas',NULL,11,NULL,'2021-07-10 16:28:24','2021-07-10 16:30:02',0),(70,'Elise','Flores','eliseore@gmail.com','$2y$10$n4InoMSVcZJw986JkmfNgOvos2GiFZgM4HDdl172FG5Kbxa8Xhrgu','65654578','Jefe','Carrera de Contaduria Publica',NULL,10,NULL,'2021-07-10 16:29:04','2021-07-10 16:29:04',1),(71,'Eliseo','Flores','eliy1995@gmail.com','$2y$10$LSIJoiq40lAs5CVxUgaw5OjNiAbMvF8LEIPoKmhabxK7FxKMxWRH.','78997878','Secretaria','Carrera de Contaduria Publica',NULL,10,NULL,'2021-07-10 16:30:38','2021-07-10 16:30:38',1);
/*!40000 ALTER TABLE `users` ENABLE KEYS */;
UNLOCK TABLES;
/*!40103 SET TIME_ZONE=@OLD_TIME_ZONE */;

/*!40101 SET SQL_MODE=@OLD_SQL_MODE */;
/*!40014 SET FOREIGN_KEY_CHECKS=@OLD_FOREIGN_KEY_CHECKS */;
/*!40014 SET UNIQUE_CHECKS=@OLD_UNIQUE_CHECKS */;
/*!40101 SET CHARACTER_SET_CLIENT=@OLD_CHARACTER_SET_CLIENT */;
/*!40101 SET CHARACTER_SET_RESULTS=@OLD_CHARACTER_SET_RESULTS */;
/*!40101 SET COLLATION_CONNECTION=@OLD_COLLATION_CONNECTION */;
/*!40111 SET SQL_NOTES=@OLD_SQL_NOTES */;

